Order_ID,Order_Date,Customer_ID,Customer_Age,Gender,Region,Category,Sub_Category,Quantity,Unit_Price,Discount,Sales,Profit
ORD-1000,10-11-2024,CUST-309,29,Male,West,Office Supplies,Binders,7,225.69,0,1579.83,168.51
ORD-1001,16-03-2024,CUST-561,35,Female,East,Technology,Copiers,2,95,0,190,7.01
ORD-1002,01-12-2023,CUST-274,45,Male,Central,Office Supplies,Storage,3,194.32,0.3,408.07,44.91
ORD-1003,14-01-2022,CUST-455,49,Female,Central,Technology,Copiers,2,195.78,0,391.56,1.53
ORD-1004,04-02-2022,CUST-402,73,Female,East,Office Supplies,Art,1,133.1,0.15,113.14,4.56
ORD-1005,21-07-2022,CUST-296,54,Male,South,Technology,Accessories,4,300.96,0.3,842.69,-50.71
ORD-1006,04-12-2022,CUST-521,28,Male,East,Technology,Phones,5,295.44,0.3,1034.04,179.06
ORD-1007,10-10-2023,CUST-379,27,Male,East,Technology,Copiers,8,11.97,0,95.76,21.08
ORD-1008,14-10-2024,CUST-99,37,Female,South,Furniture,Bookcases,9,457.91,0.2,3296.95,337.12
ORD-1009,18-08-2024,CUST-398,30,Female,Central,Office Supplies,Paper,3,64.2,0.15,163.71,39.68
ORD-1010,26-07-2022,CUST-171,50,Male,Central,Office Supplies,Binders,3,20.56,0.1,55.51,2.3
ORD-1011,01-08-2023,CUST-331,40,Female,West,Furniture,Chairs,9,57.22,0.1,463.48,-0.79
ORD-1012,09-07-2022,CUST-411,23,Female,South,Office Supplies,Storage,1,139.71,0.1,125.74,-12.54
ORD-1013,15-11-2023,CUST-113,27,Male,South,Office Supplies,Binders,8,471.74,0,3773.92,503.65
ORD-1014,18-07-2023,CUST-566,41,Female,South,Furniture,Tables,7,251.14,0,1757.98,49.54
ORD-1015,20-01-2023,CUST-247,34,Female,South,Furniture,Sofas,3,341.95,0.1,923.26,93.71
ORD-1016,03-05-2022,CUST-201,47,Female,South,Office Supplies,Storage,1,365.47,0,365.47,67.44
ORD-1017,09-04-2023,CUST-147,66,Male,Central,Office Supplies,Paper,3,297.49,0.15,758.6,-70.2
ORD-1018,04-05-2023,CUST-415,54,Female,Central,Office Supplies,Storage,1,201.8,0.1,181.62,50.3
ORD-1019,20-09-2022,CUST-453,50,Female,South,Technology,Machines,9,260.73,0,2346.57,817.34
ORD-1020,11-10-2024,CUST-587,36,Male,South,Technology,Machines,9,143.04,0.15,1094.26,307.48
ORD-1021,14-04-2022,CUST-338,52,Male,East,Technology,Copiers,4,292.44,0,1169.76,377.9
ORD-1022,14-08-2024,CUST-195,34,Female,Central,Office Supplies,Storage,9,92.08,0,828.72,101.31
ORD-1023,19-11-2023,CUST-563,26,Female,East,Office Supplies,Binders,3,319.98,0,959.94,158.81
ORD-1024,27-01-2022,CUST-516,35,Female,Central,Technology,Machines,2,178.29,0.1,320.92,64.51
ORD-1025,17-01-2022,CUST-302,46,Male,East,Furniture,Chairs,5,442.33,0.15,1879.9,618.27
ORD-1026,01-12-2023,CUST-566,38,Female,East,Technology,Machines,1,42.3,0,42.3,-0.6
ORD-1027,17-11-2023,CUST-490,19,Male,Central,Office Supplies,Art,8,108.41,0.15,737.19,45.26
ORD-1028,03-09-2022,CUST-321,46,Male,South,Technology,Phones,7,150.33,0.2,841.85,222.71
ORD-1029,04-02-2023,CUST-51,75,Male,Central,Furniture,Tables,3,172.31,0,516.93,-29.83
ORD-1030,30-05-2022,CUST-572,18,Female,East,Office Supplies,Storage,6,128.87,0,773.22,28.2
ORD-1031,13-02-2024,CUST-370,45,Female,East,Furniture,Chairs,4,208.62,0.15,709.31,-26.77
ORD-1032,19-10-2023,CUST-58,46,Male,East,Office Supplies,Paper,8,139.06,0.1,1001.23,-64.77
ORD-1033,12-03-2024,CUST-447,50,Female,East,Technology,Machines,6,358.72,0.15,1829.47,47.51
ORD-1034,04-09-2022,CUST-218,45,Female,South,Office Supplies,Binders,3,127.63,0,382.89,92.29
ORD-1035,05-07-2023,CUST-100,49,Female,West,Technology,Phones,4,90.73,0.1,326.63,25.91
ORD-1036,01-02-2024,CUST-475,37,Female,South,Furniture,Bookcases,3,254.05,0.2,609.72,119.76
ORD-1037,21-11-2023,CUST-577,40,Male,South,Technology,Copiers,3,323.43,0.1,873.26,127.08
ORD-1038,02-12-2024,CUST-418,26,Female,West,Technology,Accessories,2,24.29,0.1,43.72,2.25
ORD-1039,05-04-2024,CUST-394,58,Male,East,Office Supplies,Storage,5,177.43,0.3,621,-51.15
ORD-1040,11-07-2022,CUST-37,31,Female,South,Office Supplies,Art,3,495.3,0.1,1337.31,90.15
ORD-1041,06-10-2022,CUST-342,53,Female,South,Furniture,Bookcases,9,122.93,0,1106.37,155.39
ORD-1042,26-06-2022,CUST-506,43,Female,South,Office Supplies,Storage,4,10.36,0.3,29.01,-1.71
ORD-1043,28-12-2024,CUST-144,38,Male,Central,Office Supplies,Binders,3,303.21,0.1,818.67,-3.5
ORD-1044,01-12-2024,CUST-9,61,Male,South,Technology,Phones,7,497.99,0,3485.93,807.57
ORD-1045,01-07-2024,CUST-194,44,Female,Central,Technology,Copiers,6,46.63,0.15,237.81,-15.99
ORD-1046,05-12-2022,CUST-445,32,Male,Central,Furniture,Chairs,8,190.26,0,1522.08,404.51
ORD-1047,01-04-2022,CUST-58,56,Female,West,Office Supplies,Storage,3,60.04,0.1,162.11,-15.38
ORD-1048,08-04-2024,CUST-117,33,Male,South,Technology,Copiers,9,373.38,0.15,2856.36,19.65
ORD-1049,16-11-2023,CUST-532,18,Female,Central,Technology,Copiers,5,26.48,0.3,92.68,29.06
ORD-1050,18-10-2023,CUST-8,38,Female,East,Furniture,Bookcases,7,27.5,0,192.5,63.08
ORD-1051,31-03-2022,CUST-502,51,Male,South,Furniture,Sofas,8,179.91,0.1,1295.35,-84.22
ORD-1052,17-07-2024,CUST-242,24,Female,West,Furniture,Chairs,5,407.83,0.15,1733.28,-46.49
ORD-1053,12-10-2024,CUST-282,61,Male,East,Office Supplies,Binders,1,389.91,0.1,350.92,120.5
ORD-1054,06-04-2024,CUST-437,38,Female,South,Office Supplies,Paper,1,419.97,0.1,377.97,32.76
ORD-1055,08-11-2023,CUST-446,39,Male,East,Office Supplies,Binders,3,127.44,0.1,344.09,-14.41
ORD-1056,03-02-2022,CUST-236,33,Male,West,Technology,Copiers,8,15.98,0.1,115.06,13.15
ORD-1057,02-02-2024,CUST-578,50,Male,East,Office Supplies,Paper,9,297.03,0.1,2405.94,214.71
ORD-1058,03-02-2024,CUST-166,50,Female,East,Technology,Machines,2,178.54,0.1,321.37,24.59
ORD-1059,16-10-2024,CUST-401,38,Female,South,Office Supplies,Storage,7,264.18,0.15,1571.87,406.19
ORD-1060,10-09-2024,CUST-183,24,Male,Central,Office Supplies,Art,5,490.12,0.1,2205.54,105.73
ORD-1061,18-06-2024,CUST-61,48,Male,East,Office Supplies,Storage,8,349.77,0.1,2518.34,738.99
ORD-1062,25-10-2024,CUST-546,38,Female,West,Furniture,Bookcases,2,142.9,0,285.8,-17.17
ORD-1063,04-03-2024,CUST-48,27,Male,Central,Furniture,Tables,9,243.17,0.15,1860.25,242.29
ORD-1064,14-03-2024,CUST-28,49,Female,West,Furniture,Tables,1,46.84,0.1,42.16,14.5
ORD-1065,31-12-2022,CUST-508,40,Male,Central,Office Supplies,Art,8,70.89,0.15,482.05,134.97
ORD-1066,16-03-2024,CUST-86,43,Male,Central,Furniture,Tables,3,201.6,0,604.8,140.21
ORD-1067,21-06-2023,CUST-146,24,Male,East,Office Supplies,Art,1,174.75,0.1,157.28,9.4
ORD-1068,03-02-2022,CUST-443,48,Female,West,Furniture,Bookcases,8,295.34,0.1,2126.45,149.8
ORD-1069,24-10-2023,CUST-350,36,Male,West,Office Supplies,Binders,5,80.67,0,403.35,-11.17
ORD-1070,29-01-2024,CUST-4,37,Female,Central,Furniture,Bookcases,3,264.63,0.1,714.5,244.41
ORD-1071,30-05-2024,CUST-26,29,Male,South,Furniture,Tables,8,362.83,0.2,2322.11,518.54
ORD-1072,22-11-2022,CUST-550,62,Female,South,Office Supplies,Art,6,356.92,0,2141.52,495.36
ORD-1073,24-04-2024,CUST-172,43,Male,West,Office Supplies,Storage,3,30.65,0,91.95,-3.63
ORD-1074,17-11-2022,CUST-581,,Male,East,Furniture,Sofas,5,6.34,0,31.7,3.58
ORD-1075,30-11-2022,CUST-296,45,Male,East,Technology,Copiers,5,366.78,0.3,1283.73,-23.68
ORD-1076,22-05-2024,CUST-132,46,Female,West,Technology,Copiers,5,104.81,0,524.05,-13.67
ORD-1077,30-03-2022,CUST-422,52,Male,East,Office Supplies,Paper,2,409.22,0.1,736.6,51.29
ORD-1078,23-05-2022,CUST-198,50,Male,Central,Office Supplies,Storage,1,119.95,0.2,95.96,6.98
ORD-1079,08-07-2023,CUST-420,41,Male,Central,Technology,Machines,4,398.04,0.1,1432.94,200.69
ORD-1080,17-10-2024,CUST-118,39,Female,East,Technology,Phones,5,390.39,0,1951.95,-15.53
ORD-1081,25-03-2024,CUST-157,62,Female,East,Technology,Machines,4,231.22,0.1,832.39,104.91
ORD-1082,10-05-2022,CUST-550,27,Female,South,Furniture,Sofas,3,348.5,0.1,940.95,12.52
ORD-1083,25-03-2024,CUST-460,33,Female,Central,Furniture,Bookcases,8,255.41,0.1,1838.95,-168.91
ORD-1084,06-06-2024,CUST-296,23,Male,West,Furniture,Sofas,5,355.08,0,1775.4,282.87
ORD-1085,24-03-2024,CUST-567,62,Male,East,Technology,Machines,5,492.5,0.2,1970,-86.49
ORD-1086,23-10-2023,CUST-75,29,Female,East,Furniture,Bookcases,9,373.4,0,3360.6,855.29
ORD-1087,20-04-2023,CUST-182,42,Male,Central,Technology,Machines,2,459.64,0.1,827.35,-70.51
ORD-1088,11-12-2023,CUST-148,27,Female,East,Furniture,Bookcases,5,457.85,0,2289.25,369.18
ORD-1089,22-12-2024,CUST-318,46,Male,Central,Office Supplies,Art,8,253.59,0.1,1825.85,-127.47
ORD-1090,05-03-2023,CUST-222,69,Male,West,Furniture,Chairs,8,295.79,0,2366.32,523.73
ORD-1091,13-07-2024,CUST-380,63,Female,West,Office Supplies,Storage,7,473.33,0,3313.31,72.35
ORD-1092,28-10-2024,CUST-229,70,Male,Central,Technology,Machines,1,278.1,0,278.1,-3.27
ORD-1093,03-10-2024,CUST-491,41,Female,West,Furniture,Chairs,8,54.22,0,433.76,97.6
ORD-1094,14-06-2022,CUST-514,43,Female,West,Technology,Copiers,6,106.47,0,638.82,193.79
ORD-1095,16-01-2024,CUST-256,24,Male,West,Technology,Phones,2,184.71,0,369.42,101.15
ORD-1096,12-12-2024,CUST-128,39,Female,Central,Office Supplies,Paper,3,474.48,0.15,1209.92,-44.71
ORD-1097,10-06-2023,CUST-235,53,Female,West,Furniture,Tables,9,273.11,0.1,2212.19,35.5
ORD-1098,18-03-2023,CUST-17,42,Female,West,Office Supplies,Paper,2,139.79,0,279.58,87.07
ORD-1099,11-08-2023,CUST-168,28,Male,West,Office Supplies,Paper,7,57.76,0,404.32,7.54
ORD-1100,31-03-2024,CUST-363,34,Female,South,Office Supplies,Binders,7,288.78,0.2,1617.17,132.56
ORD-1101,04-03-2024,CUST-227,57,Male,Central,Furniture,Chairs,5,419.35,0.1,1887.08,588.73
ORD-1102,15-09-2023,CUST-365,33,Female,Central,Technology,Machines,8,468.73,0.15,3187.36,-10.44
ORD-1103,03-06-2022,CUST-42,41,Male,East,Furniture,Chairs,2,57.77,0,115.54,26.31
ORD-1104,11-05-2022,CUST-17,18,Female,Central,Office Supplies,Storage,2,400.71,0.15,681.21,15.3
ORD-1105,12-01-2022,CUST-200,53,Male,West,Technology,Machines,8,380.4,0.1,2738.88,661.62
ORD-1106,04-05-2023,CUST-498,31,Male,East,Furniture,Chairs,7,499.68,0.1,3147.98,355.55
ORD-1107,17-08-2023,CUST-159,35,Male,West,Office Supplies,Binders,4,423.05,0,1692.2,461.99
ORD-1108,07-07-2022,CUST-516,57,Female,East,Office Supplies,Art,2,443.07,0.1,797.53,78.53
ORD-1109,23-12-2023,CUST-170,18,Male,Central,Technology,Phones,1,443.56,0.1,399.2,1.93
ORD-1110,29-01-2024,CUST-245,54,Male,West,Technology,Machines,2,469.84,0.15,798.73,278.81
ORD-1111,12-01-2023,CUST-429,31,Male,Central,Office Supplies,Art,9,171.5,0.1,1389.15,318.84
ORD-1112,20-11-2022,CUST-344,39,Male,East,Office Supplies,Paper,2,120.64,0,241.28,-22.19
ORD-1113,02-03-2022,CUST-11,42,Female,South,Furniture,Bookcases,5,49.26,0.1,221.67,65.53
ORD-1114,18-07-2023,CUST-226,43,Female,Central,Technology,Accessories,4,119.68,0.3,335.1,64.45
ORD-1115,23-01-2024,CUST-521,69,Male,East,Office Supplies,Binders,3,413.97,0.2,993.53,182.21
ORD-1116,23-02-2023,CUST-89,66,Male,Central,Technology,Accessories,2,248.14,0.3,347.4,105.56
ORD-1117,09-08-2024,CUST-170,32,Female,South,Office Supplies,Paper,3,140.11,0.1,378.3,-30.28
ORD-1118,12-08-2024,CUST-316,39,Female,East,Technology,Copiers,2,207.18,0,414.36,7
ORD-1119,30-08-2024,CUST-323,61,Male,West,Furniture,Sofas,1,35.45,0.2,28.36,3.75
ORD-1120,09-02-2022,CUST-170,49,Male,East,Office Supplies,Paper,1,439.92,0.15,373.93,73.4
ORD-1121,26-02-2023,CUST-426,46,Male,Central,Furniture,Bookcases,7,441.41,0.3,2162.91,236.76
ORD-1122,23-03-2022,CUST-448,47,Female,Central,Furniture,Bookcases,4,280.31,0.15,953.05,15.64
ORD-1123,04-10-2024,CUST-412,18,Female,Central,Office Supplies,Storage,6,145.25,0,871.5,82.36
ORD-1124,06-02-2022,CUST-22,52,Female,East,Office Supplies,Paper,6,468.93,0.15,2391.54,-166.15
ORD-1125,29-07-2022,CUST-381,27,Male,Central,Office Supplies,Storage,2,495.12,0.15,841.7,84.74
ORD-1126,25-06-2024,CUST-285,33,Female,West,Office Supplies,Binders,1,165.19,0.1,148.67,36.67
ORD-1127,01-02-2023,CUST-130,62,Female,South,Technology,Machines,9,85.99,0.15,657.82,139.56
ORD-1128,11-11-2024,CUST-453,38,Male,South,Technology,Copiers,3,475.68,0,1427.04,134.93
ORD-1129,24-07-2023,CUST-524,47,Male,South,Technology,Phones,6,118.83,0,712.98,-61.31
ORD-1130,27-07-2022,CUST-199,38,Female,South,Office Supplies,Art,8,83.83,0,670.64,-39.55
ORD-1131,24-11-2023,CUST-206,25,Male,West,Office Supplies,Art,8,460.82,0.1,3317.9,857.48
ORD-1132,05-06-2023,CUST-64,50,Female,Central,Office Supplies,Paper,6,116.64,0,699.84,135.2
ORD-1133,01-10-2022,CUST-102,19,Male,East,Office Supplies,Art,2,242.57,0.1,436.63,13.64
ORD-1134,02-08-2022,CUST-242,39,Female,South,Technology,Machines,3,56.94,0,170.82,58.76
ORD-1135,13-08-2022,CUST-103,26,Female,West,Office Supplies,Paper,1,441.85,0,441.85,119.76
ORD-1136,31-03-2022,CUST-223,42,Male,Central,Furniture,Bookcases,2,411.61,0,823.22,166.02
ORD-1137,17-12-2023,CUST-383,50,Male,Central,Office Supplies,Paper,8,473.94,0.1,3412.37,861.76
ORD-1138,27-07-2022,CUST-524,60,Female,Central,Furniture,Sofas,4,300.75,0.15,1022.55,119.03
ORD-1139,02-05-2022,CUST-288,34,Male,East,Furniture,Chairs,3,488.05,0,1464.15,-26.42
ORD-1140,02-07-2024,CUST-93,26,Male,East,Office Supplies,Paper,3,118.09,0.3,247.99,83.98
ORD-1141,19-12-2022,CUST-404,46,Male,South,Office Supplies,Storage,7,234,0.2,1310.4,297.76
ORD-1142,16-06-2023,CUST-335,39,Female,West,Office Supplies,Art,8,273.93,0.1,1972.3,324.69
ORD-1143,22-10-2022,CUST-552,35,Male,West,Technology,Accessories,3,298.21,0.3,626.24,-3.26
ORD-1144,16-05-2024,CUST-553,42,Male,East,Technology,Phones,8,205.63,0.1,1480.54,273.37
ORD-1145,16-01-2023,CUST-28,18,Male,Central,Furniture,Sofas,8,291.81,0.15,1984.31,-113.37
ORD-1146,18-09-2022,CUST-270,21,Male,West,Office Supplies,Binders,1,387.87,0,387.87,130.49
ORD-1147,23-04-2024,CUST-576,36,Male,East,Office Supplies,Binders,9,218.29,0,1964.61,349.14
ORD-1148,18-11-2023,CUST-251,53,Female,South,Office Supplies,Art,5,269.09,0.15,1143.63,248.65
ORD-1149,30-11-2022,CUST-35,38,Male,Central,Furniture,Tables,2,65.87,0,131.74,-10.11
ORD-1150,18-12-2024,CUST-126,34,Male,Central,Office Supplies,Binders,5,56.14,0.1,252.63,52.97
ORD-1151,28-11-2024,CUST-384,18,Female,Central,Technology,Accessories,8,260.22,0.1,1873.58,374.88
ORD-1152,16-01-2024,CUST-175,34,Male,West,Furniture,Sofas,7,85.38,0,597.66,136.79
ORD-1153,03-03-2023,CUST-345,32,Male,South,Office Supplies,Storage,2,125.85,0.2,201.36,58.21
ORD-1154,21-10-2024,CUST-575,18,Female,West,Office Supplies,Binders,3,470.73,0.2,1129.75,226.1
ORD-1155,19-11-2023,CUST-102,51,Female,East,Technology,Phones,9,49.79,0,448.11,-22.81
ORD-1156,19-01-2022,CUST-455,36,Female,West,Office Supplies,Paper,6,451.18,0.2,2165.66,92.56
ORD-1157,24-12-2024,CUST-497,51,Male,East,Furniture,Bookcases,7,283.9,0,1987.3,291.79
ORD-1158,16-05-2024,CUST-454,51,Female,West,Office Supplies,Paper,8,335.77,0.1,2417.54,262.48
ORD-1159,27-10-2023,CUST-343,36,Male,Central,Technology,Phones,5,202.42,0.1,910.89,127.63
ORD-1160,30-12-2022,CUST-324,36,Male,Central,Technology,Accessories,5,101.91,0,509.55,97.51
ORD-1161,26-02-2024,CUST-156,44,Female,Central,Technology,Accessories,2,87.33,0.1,157.19,21.28
ORD-1162,16-04-2022,CUST-108,41,Male,Central,Office Supplies,Art,4,360.23,0,1440.92,489.23
ORD-1163,08-06-2022,CUST-84,55,Female,South,Furniture,Chairs,7,151.16,0.15,899.4,-14.97
ORD-1164,13-07-2023,CUST-584,46,Female,West,Office Supplies,Storage,7,320.8,0.1,2021.04,337.7
ORD-1165,08-05-2024,CUST-146,53,Male,West,Technology,Phones,5,154.52,0.15,656.71,185.87
ORD-1166,19-09-2024,CUST-432,35,Male,West,Technology,Accessories,7,295.37,0,2067.59,478.84
ORD-1167,14-09-2024,CUST-254,45,Male,East,Office Supplies,Storage,7,275.62,0,1929.34,146.45
ORD-1168,20-09-2022,CUST-102,52,Female,West,Furniture,Sofas,5,339.54,0.1,1527.93,153.72
ORD-1169,13-09-2023,CUST-70,33,Female,East,Office Supplies,Storage,4,47.4,0.2,151.68,-2.07
ORD-1170,15-07-2023,CUST-381,47,Male,West,Office Supplies,Art,2,336.45,0,672.9,126.56
ORD-1171,28-12-2023,CUST-442,21,Female,South,Office Supplies,Paper,2,184.66,0.3,258.52,26.07
ORD-1172,14-10-2022,CUST-104,18,Male,South,Technology,Phones,9,89.39,0.1,724.06,65.32
ORD-1173,30-12-2022,CUST-161,34,Female,South,Furniture,Sofas,1,421.81,0.1,379.63,68.57
ORD-1174,08-01-2024,CUST-407,18,Female,West,Office Supplies,Art,4,155.05,0,620.2,38.49
ORD-1175,07-11-2022,CUST-490,46,Male,South,Technology,Accessories,6,460.1,0.1,2484.54,860.82
ORD-1176,11-02-2022,CUST-526,43,Female,Central,Office Supplies,Binders,6,409.64,0,2457.84,725.28
ORD-1177,01-08-2023,CUST-253,43,Female,East,Furniture,Chairs,2,115.69,0.3,161.97,25.57
ORD-1178,05-04-2022,CUST-117,18,Male,East,Technology,Copiers,1,305.1,0.15,259.34,-5.53
ORD-1179,20-09-2024,CUST-92,40,Female,South,Furniture,Chairs,4,71.91,0.3,201.35,29.66
ORD-1180,15-09-2024,CUST-345,24,Male,Central,Office Supplies,Paper,6,5.16,0,30.96,5.3
ORD-1181,21-11-2023,CUST-156,21,Male,East,Furniture,Bookcases,8,152.19,0.1,1095.77,-25.42
ORD-1182,20-09-2022,CUST-124,21,Female,South,Office Supplies,Storage,1,257.16,0.3,180.01,47.93
ORD-1183,22-12-2024,CUST-92,50,Male,Central,Technology,Accessories,5,443.87,0.1,1997.42,-24.81
ORD-1184,21-08-2023,CUST-65,33,Male,East,Office Supplies,Storage,5,10.46,0.1,47.07,5.49
ORD-1185,30-08-2022,CUST-497,44,Male,Central,Office Supplies,Paper,5,103.43,0,517.15,-41.79
ORD-1186,04-11-2022,CUST-436,48,Male,East,Office Supplies,Storage,7,78.87,0,552.09,159.61
ORD-1187,21-01-2022,CUST-572,25,Male,West,Technology,Accessories,1,477.89,0.15,406.21,17.03
ORD-1188,30-10-2024,CUST-200,56,Male,West,Furniture,Chairs,2,24.02,0.3,33.63,3.62
ORD-1189,13-08-2024,CUST-101,54,Male,Central,Furniture,Chairs,7,261.61,0,1831.27,424.57
ORD-1190,28-03-2022,CUST-399,23,Male,South,Furniture,Sofas,1,40.68,0,40.68,-3.85
ORD-1191,24-06-2023,CUST-320,,Female,South,Technology,Machines,3,91.18,0,273.54,53.92
ORD-1192,18-09-2024,CUST-382,24,Male,South,Office Supplies,Storage,1,151.25,0.15,128.56,23.28
ORD-1193,18-06-2022,CUST-488,33,Male,South,Office Supplies,Binders,9,267.5,0,2407.5,808.49
ORD-1194,09-06-2022,CUST-124,32,Male,West,Furniture,Chairs,2,68.41,0,136.82,43.46
ORD-1195,29-02-2024,CUST-122,24,Female,East,Office Supplies,Paper,4,124.14,0,496.56,-5.53
ORD-1196,08-02-2022,CUST-203,44,Male,South,Technology,Machines,1,132.92,0.1,119.63,22.28
ORD-1197,23-08-2022,CUST-463,59,Male,East,Office Supplies,Paper,9,469.01,0,4221.09,-109.04
ORD-1198,29-03-2022,CUST-108,46,Male,West,Furniture,Tables,6,273.41,0.1,1476.41,190.11
ORD-1199,16-05-2022,CUST-224,18,Female,Central,Office Supplies,Art,8,127.11,0.15,864.35,299.34
ORD-1200,18-04-2023,CUST-598,54,Female,South,Technology,Accessories,5,367.87,0.1,1655.42,-25.48
ORD-1201,20-07-2023,CUST-70,32,Female,Central,Technology,Accessories,1,10.46,0.15,8.89,2.15
ORD-1202,29-11-2023,CUST-405,34,Female,East,Technology,Phones,4,195.76,0.1,704.74,177.02
ORD-1203,07-07-2022,CUST-515,35,Male,West,Furniture,Tables,9,196.9,0.1,1594.89,467.97
ORD-1204,29-11-2023,CUST-319,59,Female,South,Furniture,Sofas,7,352.96,0,2470.72,293.94
ORD-1205,26-10-2023,CUST-350,58,Male,South,Furniture,Tables,6,108.87,0.2,522.58,70.1
ORD-1206,26-04-2023,CUST-161,49,Female,East,Office Supplies,Storage,2,188.85,0,377.7,98.43
ORD-1207,22-10-2023,CUST-505,50,Female,South,Office Supplies,Art,6,495.61,0.15,2527.61,588.92
ORD-1208,19-02-2022,CUST-426,41,Male,Central,Office Supplies,Paper,3,17.97,0,53.91,14.79
ORD-1209,04-08-2023,CUST-260,18,Female,West,Technology,Accessories,5,243.05,0.1,1093.73,351.97
ORD-1210,06-10-2024,CUST-543,44,Female,East,Furniture,Bookcases,3,221.24,0.15,564.16,137.93
ORD-1211,02-07-2023,CUST-163,26,Female,Central,Technology,Phones,5,39.13,0,195.65,5.28
ORD-1212,24-09-2023,CUST-250,42,Male,South,Office Supplies,Paper,6,217.3,0.2,1043.04,21.55
ORD-1213,15-07-2022,CUST-203,37,Female,South,Office Supplies,Binders,2,208.49,0,416.98,127.15
ORD-1214,01-08-2024,CUST-581,38,Male,West,Technology,Machines,7,199.76,0.2,1118.66,284.67
ORD-1215,10-09-2024,CUST-425,68,Male,East,Office Supplies,Paper,1,234.65,0.3,164.26,28.55
ORD-1216,13-06-2024,CUST-529,36,Female,East,Furniture,Chairs,9,426.05,0.1,3451,467.7
ORD-1217,17-07-2022,CUST-66,41,Female,East,Office Supplies,Paper,2,244.92,0,489.84,159.47
ORD-1218,11-03-2023,CUST-561,37,Female,Central,Furniture,Sofas,7,274.99,0,1924.93,251.45
ORD-1219,04-10-2022,CUST-213,56,Male,South,Furniture,Bookcases,4,274.7,0.15,933.98,223.55
ORD-1220,27-08-2023,CUST-44,29,Male,South,Office Supplies,Art,9,282.29,0.15,2159.52,326.28
ORD-1221,15-08-2022,CUST-307,41,Male,Central,Office Supplies,Art,6,189.11,0.1,1021.19,80.49
ORD-1222,08-01-2022,CUST-238,52,Male,South,Furniture,Sofas,8,181.55,0.15,1234.54,30.12
ORD-1223,07-04-2024,CUST-283,23,Male,Central,Office Supplies,Paper,4,281.12,0,1124.48,197.98
ORD-1224,01-05-2023,CUST-366,49,Male,South,Office Supplies,Art,1,301.07,0,301.07,19.17
ORD-1225,11-10-2023,CUST-269,46,Male,West,Furniture,Sofas,7,483.73,0.1,3047.5,1044.83
ORD-1226,04-09-2022,CUST-372,30,Male,East,Office Supplies,Art,5,282.08,0.1,1269.36,283.97
ORD-1227,30-07-2022,CUST-226,47,Male,South,Technology,Accessories,9,238.23,0.2,1715.26,182.97
ORD-1228,21-04-2023,CUST-338,50,Male,Central,Technology,Copiers,5,60.91,0,304.55,68.09
ORD-1229,06-10-2022,CUST-289,37,Male,Central,Technology,Phones,6,370.34,0.2,1777.63,497.17
ORD-1230,25-12-2024,CUST-191,35,Female,Central,Furniture,Sofas,3,344.73,0,1034.19,-22.03
ORD-1231,23-05-2022,CUST-460,46,Female,South,Office Supplies,Paper,5,21.43,0,107.15,20.78
ORD-1232,24-04-2024,CUST-142,35,Female,West,Furniture,Chairs,2,327.13,0.2,523.41,-52.3
ORD-1233,03-12-2023,CUST-424,26,Male,East,Technology,Copiers,3,209.32,0.2,502.37,58.06
ORD-1234,06-09-2023,CUST-173,46,Female,South,Technology,Accessories,7,68.09,0.15,405.14,136.84
ORD-1235,02-02-2024,CUST-437,50,Female,West,Technology,Machines,7,268.67,0.1,1692.62,173.37
ORD-1236,10-04-2023,CUST-222,20,Male,West,Office Supplies,Art,9,11.14,0.1,90.23,3.21
ORD-1237,09-03-2022,CUST-255,49,Female,Central,Office Supplies,Storage,8,439.24,0,3513.92,186.88
ORD-1238,21-12-2024,CUST-304,44,Male,East,Furniture,Chairs,1,146.22,0.1,131.6,2.7
ORD-1239,09-10-2024,CUST-65,56,Female,South,Technology,Machines,9,455.27,0.15,3482.82,951.43
ORD-1240,28-11-2022,CUST-550,38,Female,East,Furniture,Bookcases,6,220.13,0.15,1122.66,191.82
ORD-1241,28-06-2022,CUST-579,51,Female,East,Office Supplies,Binders,4,339.83,0,1359.32,7.32
ORD-1242,13-12-2022,CUST-467,41,Male,South,Office Supplies,Paper,7,492,0,3444,286.33
ORD-1243,17-03-2023,CUST-49,34,Female,South,Office Supplies,Binders,1,313.15,0.1,281.83,28.57
ORD-1244,09-07-2023,CUST-382,45,Male,West,Furniture,Tables,4,58.47,0,233.88,61.08
ORD-1245,27-03-2024,CUST-551,72,Male,East,Office Supplies,Art,9,410.01,0.1,3321.08,982.83
ORD-1246,25-06-2024,CUST-301,25,Male,South,Office Supplies,Storage,1,197.99,0.15,168.29,49.98
ORD-1247,04-06-2023,CUST-324,50,Male,East,Technology,Copiers,9,320.02,0,2880.18,45.86
ORD-1248,24-02-2023,CUST-41,37,Male,Central,Office Supplies,Storage,2,50.68,0.1,91.22,13.44
ORD-1249,15-04-2022,CUST-377,50,Male,West,Technology,Machines,2,444.58,0.1,800.24,100.81
ORD-1250,30-03-2023,CUST-357,19,Male,Central,Furniture,Bookcases,5,451.71,0,2258.55,316.84
ORD-1251,11-08-2022,CUST-420,32,Female,Central,Furniture,Chairs,9,365.94,0.15,2799.44,785.3
ORD-1252,14-03-2022,CUST-41,28,Female,Central,Office Supplies,Storage,5,431.56,0.1,1942.02,3.55
ORD-1253,14-07-2023,CUST-7,18,Female,South,Office Supplies,Art,9,18.57,0,167.13,22.83
ORD-1254,12-04-2024,CUST-576,55,Male,East,Furniture,Sofas,1,473.59,0,473.59,62.87
ORD-1255,12-04-2024,CUST-579,34,Female,Central,Office Supplies,Paper,4,87.84,0.3,245.95,0.69
ORD-1256,29-12-2022,CUST-170,46,Male,East,Technology,Copiers,3,16.56,0.15,42.23,4.49
ORD-1257,08-10-2023,CUST-500,36,Male,Central,Office Supplies,Storage,4,497.45,0.1,1790.82,-108
ORD-1258,04-10-2024,CUST-554,58,Male,Central,Furniture,Sofas,6,273,0,1638,244.34
ORD-1259,01-02-2024,CUST-499,43,Male,Central,Technology,Phones,1,256.19,0.15,217.76,1.26
ORD-1260,28-04-2023,CUST-165,43,Male,South,Furniture,Bookcases,2,247,0.1,444.6,154.38
ORD-1261,01-06-2023,CUST-267,50,Male,East,Technology,Copiers,1,356.89,0.3,249.82,-10.1
ORD-1262,03-09-2022,CUST-582,35,Female,South,Office Supplies,Storage,5,374.2,0.1,1683.9,-124.64
ORD-1263,28-10-2023,CUST-417,63,Female,Central,Furniture,Bookcases,4,432.46,0.1,1556.86,107.27
ORD-1264,03-02-2023,CUST-365,18,Male,Central,Office Supplies,Storage,9,184.32,0.15,1410.05,426.55
ORD-1265,26-04-2022,CUST-323,19,Male,West,Office Supplies,Storage,1,321.9,0,321.9,2.63
ORD-1266,31-07-2024,CUST-126,51,Female,South,Office Supplies,Binders,7,14.46,0.1,91.1,19.08
ORD-1267,13-07-2022,CUST-19,53,Male,Central,Office Supplies,Art,9,142.99,0,1286.91,425.78
ORD-1268,23-04-2022,CUST-188,46,Male,East,Furniture,Tables,8,150.84,0,1206.72,280.01
ORD-1269,14-09-2022,CUST-384,48,Female,West,Office Supplies,Storage,4,351.52,0,1406.08,111.92
ORD-1270,28-06-2024,CUST-380,31,Female,West,Office Supplies,Storage,2,8.01,0,16.02,4.66
ORD-1271,18-11-2022,CUST-451,44,Female,Central,Technology,Copiers,2,356.5,0.15,606.05,-3.03
ORD-1272,24-09-2023,CUST-533,47,Male,East,Technology,Accessories,7,453.52,0,3174.64,363.17
ORD-1273,27-12-2023,CUST-566,25,Female,South,Furniture,Bookcases,1,361.3,0.2,289.04,30.14
ORD-1274,03-11-2024,CUST-471,52,Male,Central,Furniture,Sofas,2,358.41,0.2,573.46,150.12
ORD-1275,29-04-2024,CUST-241,73,Male,East,Technology,Copiers,8,316.63,0,2533.04,600.05
ORD-1276,21-10-2022,CUST-577,49,Male,South,Office Supplies,Paper,1,36.03,0.2,28.82,-2.83
ORD-1277,04-03-2023,CUST-568,29,Male,West,Furniture,Chairs,4,395.52,0.2,1265.66,120.51
ORD-1278,05-02-2023,CUST-536,46,Male,East,Technology,Phones,7,249.44,0,1746.08,322.54
ORD-1279,07-03-2023,CUST-101,30,Female,East,Technology,Phones,9,152.54,0,1372.86,345.71
ORD-1280,24-06-2023,CUST-100,36,Male,East,Office Supplies,Storage,9,240.6,0,2165.4,401.66
ORD-1281,11-10-2023,CUST-173,43,Female,East,Technology,Copiers,9,435.53,0.15,3331.8,637.94
ORD-1282,15-02-2024,CUST-65,41,Female,West,Furniture,Chairs,7,67.23,0.15,400.02,135.43
ORD-1283,23-08-2022,CUST-53,35,Male,South,Technology,Copiers,3,335.1,0.2,804.24,202.59
ORD-1284,17-05-2024,CUST-378,39,Male,East,Office Supplies,Binders,3,248.97,0.1,672.22,93.39
ORD-1285,29-04-2022,CUST-175,40,Male,West,Office Supplies,Paper,1,263.04,0.3,184.13,-8.01
ORD-1286,27-10-2023,CUST-228,61,Male,South,Technology,Accessories,1,370.82,0,370.82,70.02
ORD-1287,09-06-2022,CUST-195,62,Female,Central,Technology,Phones,8,392.68,0.15,2670.22,283.31
ORD-1288,02-09-2023,CUST-540,40,Male,South,Technology,Phones,2,244.62,0.15,415.85,47.08
ORD-1289,28-12-2022,CUST-456,42,Male,East,Technology,Phones,9,313.09,0.15,2395.14,383.78
ORD-1290,12-05-2024,CUST-242,51,Male,West,Office Supplies,Storage,1,175.87,0.3,123.11,3.78
ORD-1291,05-01-2022,CUST-15,39,Female,West,Office Supplies,Paper,4,317.31,0.1,1142.32,-45.21
ORD-1292,04-10-2022,CUST-3,24,Male,West,Office Supplies,Paper,5,312.35,0.3,1093.22,264.98
ORD-1293,04-06-2023,CUST-492,42,Male,South,Furniture,Chairs,1,72.81,0.3,50.97,7
ORD-1294,03-08-2023,CUST-274,21,Male,East,Technology,Copiers,3,251.63,0.1,679.4,223.43
ORD-1295,19-05-2024,CUST-125,41,Male,Central,Office Supplies,Storage,6,11.45,0,68.7,18.77
ORD-1296,02-09-2022,CUST-427,31,Female,East,Technology,Machines,2,483.69,0,967.38,275.12
ORD-1297,24-01-2024,CUST-512,52,Female,East,Office Supplies,Storage,6,428.33,0.1,2312.98,638.23
ORD-1298,20-06-2022,CUST-349,34,Male,Central,Office Supplies,Storage,5,114.93,0,574.65,161.83
ORD-1299,10-01-2022,CUST-327,43,Male,East,Office Supplies,Binders,4,148,0,592,185.76
ORD-1300,08-02-2023,CUST-91,49,Male,South,Office Supplies,Art,5,21.15,0,105.75,10.57
ORD-1301,24-04-2022,CUST-41,22,Female,Central,Office Supplies,Binders,1,99.84,0.3,69.89,-3.79
ORD-1302,20-12-2022,CUST-282,63,Male,South,Furniture,Tables,8,144.83,0.3,811.05,131.17
ORD-1303,01-12-2023,CUST-132,21,Male,West,Technology,Phones,7,447.58,0.3,2193.14,661.56
ORD-1304,24-01-2024,CUST-475,34,Female,East,Technology,Copiers,4,106.21,0,424.84,14.05
ORD-1305,25-02-2023,CUST-536,41,Male,South,Furniture,Bookcases,1,207.66,0.2,166.13,45.87
ORD-1306,17-10-2022,CUST-509,37,Male,West,Office Supplies,Art,9,234.33,0,2108.97,64.35
ORD-1307,11-11-2023,CUST-342,47,Female,Central,Office Supplies,Paper,7,105.77,0,740.39,71.72
ORD-1308,23-04-2024,CUST-537,47,Female,West,Technology,Copiers,6,367.2,0.1,1982.88,172.86
ORD-1309,25-07-2022,CUST-504,56,Male,South,Office Supplies,Storage,9,188.62,0.3,1188.31,312.54
ORD-1310,23-10-2023,CUST-521,30,Male,West,Technology,Accessories,8,332.2,0,2657.6,385.41
ORD-1311,10-01-2022,CUST-102,46,Male,Central,Office Supplies,Art,6,136.34,0.1,736.24,24.63
ORD-1312,17-07-2023,CUST-509,36,Female,Central,Technology,Machines,4,486.35,0.1,1750.86,-49.79
ORD-1313,02-02-2024,CUST-515,42,Female,East,Technology,Phones,9,101.64,0,914.76,46.68
ORD-1314,24-06-2022,CUST-369,18,Female,West,Furniture,Chairs,7,276.91,0,1938.37,227.03
ORD-1315,03-05-2023,CUST-168,41,Male,East,Furniture,Sofas,1,485.28,0.1,436.75,2.51
ORD-1316,10-10-2022,CUST-428,42,Male,South,Furniture,Chairs,6,63.65,0.3,267.33,59.21
ORD-1317,11-11-2024,CUST-595,42,Male,Central,Office Supplies,Art,3,253.25,0,759.75,30.99
ORD-1318,09-04-2023,CUST-97,27,Male,West,Office Supplies,Art,8,30.66,0.1,220.75,6.5
ORD-1319,25-04-2024,CUST-19,23,Female,East,Office Supplies,Art,5,38.83,0.15,165.03,4.72
ORD-1320,13-07-2023,CUST-477,25,Male,South,Office Supplies,Storage,7,472.5,0.1,2976.75,601.8
ORD-1321,04-12-2022,CUST-518,46,Male,West,Furniture,Chairs,9,490.28,0,4412.52,588.7
ORD-1322,12-11-2023,CUST-98,30,Male,West,Office Supplies,Art,5,98.96,0.1,445.32,-3.56
ORD-1323,09-08-2023,CUST-230,40,Male,Central,Office Supplies,Art,6,484.43,0.1,2615.92,-170.97
ORD-1324,07-08-2024,CUST-443,54,Female,West,Furniture,Chairs,4,301.53,0.1,1085.51,208.23
ORD-1325,15-09-2022,CUST-560,52,Male,Central,Office Supplies,Art,4,473.63,0,1894.52,-57.46
ORD-1326,17-05-2024,CUST-83,47,Male,South,Furniture,Sofas,2,189.91,0,379.82,69.27
ORD-1327,15-02-2022,CUST-419,38,Female,West,Technology,Copiers,6,488.62,0,2931.72,-282.2
ORD-1328,02-01-2023,CUST-170,60,Male,East,Technology,Phones,4,220.03,0.15,748.1,-71.76
ORD-1329,08-02-2022,CUST-366,56,Female,Central,Technology,Phones,1,410.09,0,410.09,127.2
ORD-1330,12-03-2024,CUST-503,59,Female,South,Office Supplies,Art,8,180.66,0.1,1300.75,-4.03
ORD-1331,01-10-2023,CUST-494,59,Male,West,Technology,Accessories,3,249.28,0,747.84,189.99
ORD-1332,24-05-2023,CUST-420,51,Male,South,Office Supplies,Binders,6,400.86,0,2405.16,695.9
ORD-1333,02-04-2022,CUST-214,37,Male,East,Office Supplies,Storage,2,413.25,0,826.5,82.45
ORD-1334,24-05-2024,CUST-21,48,Male,South,Office Supplies,Binders,6,19.01,0,114.06,3.02
ORD-1335,13-09-2023,CUST-283,38,Female,South,Technology,Machines,4,225.87,0.2,722.78,-69.69
ORD-1336,04-10-2022,CUST-177,46,Female,West,Office Supplies,Storage,4,436.95,0.2,1398.24,-3.88
ORD-1337,27-04-2024,CUST-39,47,Male,Central,Office Supplies,Storage,1,162.71,0.3,113.9,-7.41
ORD-1338,18-09-2022,CUST-599,64,Male,Central,Furniture,Tables,7,419.76,0.2,2350.66,556.54
ORD-1339,10-05-2023,CUST-18,26,Male,West,Furniture,Tables,7,217.66,0.15,1295.08,373.42
ORD-1340,16-10-2022,CUST-234,43,Male,South,Office Supplies,Paper,1,210.03,0.15,178.53,52.98
ORD-1341,04-09-2022,CUST-363,29,Female,South,Office Supplies,Paper,6,137.46,0,824.76,195.65
ORD-1342,15-08-2024,CUST-93,40,Male,East,Office Supplies,Storage,1,272.75,0.15,231.84,50.07
ORD-1343,14-07-2023,CUST-17,24,Female,West,Office Supplies,Binders,1,250.37,0.3,175.26,17.1
ORD-1344,01-11-2022,CUST-416,39,Male,East,Furniture,Chairs,3,106.14,0.1,286.58,25.41
ORD-1345,25-01-2022,CUST-336,30,Male,West,Technology,Copiers,6,363.1,0.1,1960.74,541.66
ORD-1346,04-08-2024,CUST-232,30,Female,East,Furniture,Sofas,6,396.82,0.1,2142.83,-37.39
ORD-1347,14-07-2023,CUST-292,39,Male,South,Furniture,Sofas,2,38.15,0.2,61.04,4.59
ORD-1348,04-04-2024,CUST-206,18,Male,Central,Technology,Copiers,1,41.68,0,41.68,10.91
ORD-1349,08-08-2024,CUST-414,47,Male,South,Office Supplies,Storage,4,234.8,0.15,798.32,156.09
ORD-1350,15-07-2023,CUST-250,31,Female,East,Furniture,Tables,9,7.63,0.2,54.94,13.61
ORD-1351,17-03-2024,CUST-583,40,Male,Central,Office Supplies,Art,4,74.46,0.15,253.16,45.37
ORD-1352,08-08-2022,CUST-485,60,Female,West,Office Supplies,Storage,6,376.24,0.3,1580.21,381.5
ORD-1353,26-07-2024,CUST-386,52,Male,Central,Office Supplies,Paper,6,196.17,0.1,1059.32,-17.57
ORD-1354,12-10-2023,CUST-62,46,Male,South,Office Supplies,Art,1,294.41,0,294.41,29.36
ORD-1355,14-07-2022,CUST-378,39,Female,South,Office Supplies,Storage,6,375.38,0,2252.28,310.65
ORD-1356,17-05-2024,CUST-340,48,Female,South,Office Supplies,Storage,7,135.99,0.15,809.14,215.82
ORD-1357,23-07-2022,CUST-405,49,Female,East,Technology,Copiers,1,219.01,0,219.01,3.68
ORD-1358,07-04-2024,CUST-455,40,Male,East,Technology,Machines,8,429.77,0.15,2922.44,271.91
ORD-1359,27-11-2022,CUST-299,22,Female,South,Technology,Accessories,1,290.47,0,290.47,-16.64
ORD-1360,25-04-2023,CUST-499,27,Female,Central,Technology,Machines,3,498.83,0,1496.49,-122.48
ORD-1361,23-05-2023,CUST-356,37,Female,East,Office Supplies,Paper,5,119.85,0,599.25,146.19
ORD-1362,30-05-2023,CUST-276,61,Male,East,Furniture,Bookcases,5,432.89,0.1,1948,314.46
ORD-1363,13-10-2023,CUST-562,34,Male,East,Office Supplies,Storage,2,174.24,0.1,313.63,-1.49
ORD-1364,19-06-2022,CUST-471,34,Female,West,Office Supplies,Binders,4,470.27,0.1,1692.97,553.84
ORD-1365,25-07-2023,CUST-260,52,Female,Central,Technology,Copiers,9,326.08,0,2934.72,-87.18
ORD-1366,10-02-2023,CUST-59,42,Male,Central,Office Supplies,Art,6,291.96,0.1,1576.58,515.44
ORD-1367,16-06-2023,CUST-438,35,Male,West,Office Supplies,Art,6,270.29,0.1,1459.57,118.01
ORD-1368,25-05-2024,CUST-439,41,Female,South,Office Supplies,Art,8,299.07,0.15,2033.68,-142.48
ORD-1369,03-06-2023,CUST-179,38,Male,East,Technology,Accessories,8,102.34,0.15,695.91,20.14
ORD-1370,10-04-2023,CUST-268,35,Male,Central,Furniture,Tables,7,311.4,0.3,1525.86,380.18
ORD-1371,20-03-2024,CUST-276,29,Female,West,Technology,Copiers,3,278.18,0.15,709.36,61.93
ORD-1372,24-06-2024,CUST-568,46,Male,West,Furniture,Sofas,4,222.04,0.1,799.34,274.48
ORD-1373,08-12-2024,CUST-223,25,Female,South,Furniture,Bookcases,4,338.63,0,1354.52,-7.14
ORD-1374,18-01-2023,CUST-453,46,Female,West,Technology,Accessories,8,81.69,0,653.52,77.14
ORD-1375,26-08-2022,CUST-247,18,Male,East,Office Supplies,Paper,8,313.88,0,2511.04,300.13
ORD-1376,04-04-2024,CUST-399,46,Male,South,Technology,Accessories,7,33.2,0.1,209.16,22.23
ORD-1377,10-04-2024,CUST-82,59,Female,West,Furniture,Bookcases,7,420.85,0.3,2062.16,619.23
ORD-1378,23-03-2023,CUST-345,19,Female,Central,Office Supplies,Binders,6,419.92,0,2519.52,722.87
ORD-1379,26-05-2024,CUST-270,28,Female,West,Office Supplies,Art,1,409.84,0.1,368.86,85.32
ORD-1380,24-04-2024,CUST-406,39,Female,West,Office Supplies,Art,6,70.17,0.2,336.82,-8.63
ORD-1381,13-12-2023,CUST-387,54,Male,West,Office Supplies,Paper,7,287.77,0,2014.39,138.08
ORD-1382,06-04-2024,CUST-406,44,Male,Central,Technology,Copiers,5,91.69,0.15,389.68,-0.3
ORD-1383,01-10-2023,CUST-273,36,Female,East,Technology,Phones,2,31.49,0,62.98,0.28
ORD-1384,19-04-2022,CUST-473,39,Male,South,Office Supplies,Art,7,149.27,0,1044.89,7.49
ORD-1385,22-10-2024,CUST-238,50,Female,West,Technology,Machines,6,217.84,0.1,1176.34,411.48
ORD-1386,29-08-2023,CUST-565,35,Female,Central,Technology,Phones,5,27.5,0.1,123.75,0.25
ORD-1387,14-07-2024,CUST-98,64,Female,Central,Furniture,Sofas,1,427.23,0.3,299.06,104.19
ORD-1388,20-05-2022,CUST-42,42,Male,South,Furniture,Sofas,1,387.82,0.3,271.47,-4.04
ORD-1389,07-09-2023,CUST-568,45,Female,Central,Office Supplies,Storage,1,109.34,0.1,98.41,28.09
ORD-1390,06-09-2023,CUST-149,32,Female,East,Office Supplies,Paper,5,375.97,0.1,1691.87,-102.53
ORD-1391,14-04-2022,CUST-28,20,Female,West,Technology,Machines,3,320.36,0.1,864.97,167.82
ORD-1392,20-10-2022,CUST-105,33,Female,South,Technology,Machines,3,255.63,0,766.89,238.36
ORD-1393,24-03-2022,CUST-447,18,Female,West,Office Supplies,Art,3,75.42,0,226.26,63.87
ORD-1394,05-01-2023,CUST-537,27,Male,West,Technology,Copiers,4,103.25,0,413,3.3
ORD-1395,08-07-2024,CUST-152,51,Female,Central,Technology,Machines,6,332.65,0.15,1696.52,405.88
ORD-1396,09-04-2023,CUST-140,19,Male,West,Technology,Accessories,1,8.4,0,8.4,1.67
ORD-1397,02-07-2022,CUST-433,21,Male,East,Technology,Machines,1,222.83,0.15,189.41,61.2
ORD-1398,22-03-2023,CUST-70,44,Male,East,Technology,Phones,1,62.88,0.15,53.45,17.5
ORD-1399,16-04-2023,CUST-192,32,Female,Central,Technology,Copiers,4,292.8,0,1171.2,343
ORD-1400,18-05-2022,CUST-549,37,Male,Central,Technology,Accessories,9,471.62,0,4244.58,60.58
ORD-1401,19-05-2024,CUST-30,42,Female,Central,Furniture,Chairs,5,38.28,0.1,172.26,40.05
ORD-1402,23-04-2024,CUST-247,39,Male,West,Technology,Copiers,7,90.4,0.1,569.52,19
ORD-1403,15-06-2024,CUST-490,45,Male,Central,Furniture,Chairs,7,113.04,0.3,553.9,87.79
ORD-1404,22-01-2022,CUST-166,,Male,East,Office Supplies,Binders,6,448.46,0.15,2287.15,-65.79
ORD-1405,05-03-2023,CUST-509,32,Male,West,Office Supplies,Paper,6,285.02,0,1710.12,-63.58
ORD-1406,19-02-2023,CUST-5,,Female,West,Office Supplies,Binders,5,106.1,0,530.5,109.09
ORD-1407,11-12-2023,CUST-384,30,Male,Central,Office Supplies,Paper,2,485.72,0.1,874.3,193.78
ORD-1408,19-01-2022,CUST-317,53,Female,South,Furniture,Bookcases,3,43.02,0,129.06,19.07
ORD-1409,29-12-2022,CUST-398,35,Female,South,Office Supplies,Storage,2,57.41,0,114.82,9.87
ORD-1410,18-03-2024,CUST-171,21,Female,Central,Office Supplies,Storage,4,212.5,0,850,251.34
ORD-1411,19-08-2024,CUST-458,43,Male,East,Office Supplies,Storage,8,29.86,0.1,214.99,15.23
ORD-1412,03-01-2024,CUST-494,41,Female,East,Office Supplies,Paper,7,367.09,0.2,2055.7,-70.11
ORD-1413,07-07-2024,CUST-202,55,Female,East,Furniture,Chairs,6,129.33,0.2,620.78,73.13
ORD-1414,11-01-2023,CUST-416,26,Male,East,Office Supplies,Art,3,415.1,0.15,1058.51,226.01
ORD-1415,30-05-2022,CUST-599,31,Female,South,Office Supplies,Paper,7,136.63,0.3,669.49,-59.19
ORD-1416,23-04-2022,CUST-281,38,Male,West,Office Supplies,Paper,9,103.06,0,927.54,277.52
ORD-1417,03-01-2023,CUST-25,18,Female,Central,Furniture,Chairs,9,399.62,0.15,3057.09,644.08
ORD-1418,17-02-2022,CUST-576,38,Male,South,Office Supplies,Art,2,43.02,0,86.04,23.54
ORD-1419,20-03-2024,CUST-187,43,Female,Central,Office Supplies,Binders,2,30.06,0,60.12,9.52
ORD-1420,10-08-2024,CUST-575,27,Male,Central,Office Supplies,Paper,4,487.03,0.1,1753.31,41.83
ORD-1421,21-05-2022,CUST-90,51,Female,East,Furniture,Sofas,1,114.78,0,114.78,1.92
ORD-1422,22-09-2023,CUST-195,39,Male,East,Furniture,Sofas,5,46.34,0,231.7,55.29
ORD-1423,06-04-2023,CUST-164,32,Female,East,Office Supplies,Storage,5,403.69,0.15,1715.68,-52.75
ORD-1424,23-02-2024,CUST-221,28,Female,West,Office Supplies,Art,2,33.06,0,66.12,5.05
ORD-1425,20-07-2024,CUST-441,47,Male,Central,Office Supplies,Art,9,118.85,0.1,962.68,7.93
ORD-1426,23-01-2023,CUST-589,56,Male,South,Furniture,Sofas,2,201.51,0,403.02,93.53
ORD-1427,15-05-2022,CUST-189,26,Male,East,Technology,Accessories,4,488.75,0.15,1661.75,326.93
ORD-1428,15-10-2022,CUST-423,40,Female,West,Office Supplies,Storage,2,220.01,0.1,396.02,70.67
ORD-1429,09-05-2022,CUST-225,65,Female,Central,Technology,Machines,7,54.28,0.1,341.96,46.38
ORD-1430,17-11-2022,CUST-182,34,Female,Central,Office Supplies,Art,5,383.85,0,1919.25,555.63
ORD-1431,25-11-2023,CUST-361,50,Female,West,Office Supplies,Art,4,141.58,0.15,481.37,0.88
ORD-1432,25-02-2023,CUST-424,36,Female,South,Office Supplies,Storage,6,69.83,0.1,377.08,106.43
ORD-1433,20-07-2022,CUST-408,18,Male,Central,Furniture,Tables,9,133,0,1197,220.39
ORD-1434,23-07-2023,CUST-128,40,Female,West,Office Supplies,Paper,2,29.96,0.2,47.94,7.65
ORD-1435,05-02-2022,CUST-96,74,Female,East,Technology,Accessories,4,364.79,0.15,1240.29,430.98
ORD-1436,28-05-2022,CUST-396,30,Male,Central,Office Supplies,Art,2,292.69,0,585.38,140.7
ORD-1437,13-11-2022,CUST-556,35,Female,Central,Office Supplies,Binders,7,67.5,0.2,378,119.42
ORD-1438,07-01-2023,CUST-251,24,Female,West,Office Supplies,Binders,7,365.82,0.15,2176.63,-101.87
ORD-1439,22-11-2022,CUST-72,30,Male,East,Technology,Phones,9,195.1,0.15,1492.52,514.88
ORD-1440,28-07-2024,CUST-532,30,Female,Central,Furniture,Sofas,7,45.11,0.2,252.62,85.78
ORD-1441,27-02-2022,CUST-29,37,Female,South,Office Supplies,Binders,5,156.34,0.1,703.53,142.56
ORD-1442,11-05-2022,CUST-102,49,Male,West,Office Supplies,Binders,3,334.98,0,1004.94,158.47
ORD-1443,15-10-2023,CUST-211,32,Female,Central,Furniture,Bookcases,9,145.85,0.1,1181.38,209.93
ORD-1444,07-05-2024,CUST-42,42,Male,Central,Furniture,Sofas,3,241.85,0.1,653,93.78
ORD-1445,02-09-2023,CUST-577,29,Female,South,Technology,Accessories,3,346.21,0,1038.63,39.98
ORD-1446,21-02-2022,CUST-421,31,Male,East,Technology,Copiers,6,447.35,0,2684.1,827.99
ORD-1447,21-12-2023,CUST-260,53,Female,West,Furniture,Sofas,9,487.71,0.2,3511.51,127.67
ORD-1448,07-01-2022,CUST-541,18,Male,West,Office Supplies,Binders,6,277.48,0.15,1415.15,60.98
ORD-1449,21-02-2024,CUST-93,51,Female,South,Office Supplies,Art,3,330.76,0.3,694.6,71.74
ORD-1450,04-08-2024,CUST-490,33,Male,East,Technology,Accessories,6,196.7,0.15,1003.17,99.23
ORD-1451,05-10-2024,CUST-513,42,Female,West,Technology,Phones,9,94.36,0,849.24,115.81
ORD-1452,18-07-2024,CUST-291,65,Male,East,Furniture,Sofas,4,368.51,0,1474.04,-108.56
ORD-1453,19-10-2022,CUST-156,54,Male,West,Furniture,Sofas,2,267.34,0.15,454.48,75.78
ORD-1454,13-07-2023,CUST-278,43,Female,West,Office Supplies,Art,4,309.13,0.1,1112.87,48.53
ORD-1455,25-09-2022,CUST-442,18,Male,Central,Office Supplies,Art,4,392.82,0,1571.28,508.15
ORD-1456,25-01-2023,CUST-423,44,Female,Central,Technology,Accessories,6,303.65,0.2,1457.52,162.2
ORD-1457,23-04-2024,CUST-487,34,Female,South,Technology,Phones,7,117.21,0.1,738.42,42.97
ORD-1458,01-10-2022,CUST-196,36,Male,West,Office Supplies,Paper,3,98.7,0.1,266.49,63.55
ORD-1459,22-01-2022,CUST-567,23,Male,East,Office Supplies,Binders,2,413.84,0.1,744.91,188.45
ORD-1460,12-08-2022,CUST-480,41,Female,East,Furniture,Bookcases,3,314.7,0.1,849.69,-14.29
ORD-1461,08-06-2024,CUST-35,32,Female,East,Technology,Machines,7,223.71,0,1565.97,-26.61
ORD-1462,12-08-2023,CUST-136,37,Male,East,Furniture,Bookcases,3,442.36,0,1327.08,-16.76
ORD-1463,09-01-2022,CUST-408,39,Male,West,Office Supplies,Binders,5,29.1,0,145.5,-11.66
ORD-1464,01-01-2022,CUST-171,20,Male,Central,Office Supplies,Art,8,151.82,0,1214.56,-28.6
ORD-1465,14-11-2024,CUST-319,41,Male,South,Office Supplies,Binders,2,464.39,0,928.78,26.61
ORD-1466,15-12-2024,CUST-432,41,Female,South,Office Supplies,Storage,9,210.64,0,1895.76,96.53
ORD-1467,28-05-2022,CUST-175,46,Male,West,Furniture,Chairs,6,310.68,0,1864.08,306.57
ORD-1468,30-08-2024,CUST-557,54,Female,West,Technology,Machines,2,315.73,0.1,568.31,158.95
ORD-1469,06-12-2023,CUST-76,26,Male,West,Furniture,Chairs,3,371.14,0.1,1002.08,-92.69
ORD-1470,30-11-2023,CUST-483,41,Female,Central,Technology,Copiers,1,417.14,0.2,333.71,96.74
ORD-1471,16-10-2024,CUST-236,35,Male,West,Office Supplies,Paper,6,34.29,0.1,185.17,45.55
ORD-1472,26-03-2022,CUST-352,52,Male,Central,Technology,Accessories,8,68.15,0.1,490.68,29.18
ORD-1473,09-11-2022,CUST-435,28,Male,Central,Office Supplies,Storage,7,278.97,0.1,1757.51,-9.58
ORD-1474,06-12-2022,CUST-177,40,Male,East,Office Supplies,Paper,6,168.63,0.15,860.01,73.6
ORD-1475,21-09-2023,CUST-331,23,Male,West,Furniture,Chairs,1,348.54,0,348.54,15.19
ORD-1476,20-06-2024,CUST-344,42,Male,South,Office Supplies,Paper,2,471.03,0,942.06,105.74
ORD-1477,01-01-2022,CUST-221,30,Female,East,Office Supplies,Paper,4,141.39,0.1,509,-23.03
ORD-1478,14-11-2024,CUST-546,30,Male,West,Technology,Machines,6,456.96,0.1,2467.58,-46.01
ORD-1479,21-01-2022,CUST-542,32,Female,West,Office Supplies,Binders,6,309.63,0,1857.78,-112.39
ORD-1480,13-08-2024,CUST-388,56,Male,West,Technology,Accessories,8,203.15,0.2,1300.16,-121.91
ORD-1481,28-12-2024,CUST-330,54,Male,East,Office Supplies,Storage,7,332.97,0.2,1864.63,556.89
ORD-1482,28-10-2024,CUST-164,30,Male,West,Furniture,Chairs,3,29.36,0,88.08,26.76
ORD-1483,03-07-2023,CUST-487,31,Female,Central,Office Supplies,Art,8,24.94,0.1,179.57,37.03
ORD-1484,28-06-2022,CUST-13,28,Female,East,Furniture,Chairs,5,384.1,0.15,1632.42,546.11
ORD-1485,29-11-2023,CUST-467,36,Male,West,Office Supplies,Art,3,216.6,0.1,584.82,137.64
ORD-1486,24-05-2022,CUST-519,33,Male,West,Office Supplies,Paper,8,413.48,0.15,2811.66,128.43
ORD-1487,21-04-2022,CUST-554,,Female,Central,Furniture,Chairs,6,58.96,0,353.76,15.08
ORD-1488,30-08-2024,CUST-439,43,Male,West,Office Supplies,Binders,7,429.33,0.15,2554.51,-86.82
ORD-1489,27-11-2022,CUST-21,41,Male,West,Office Supplies,Art,3,156.49,0,469.47,-9.53
ORD-1490,06-04-2024,CUST-35,30,Female,South,Office Supplies,Storage,8,436.27,0,3490.16,881.08
ORD-1491,25-08-2022,CUST-87,42,Male,South,Technology,Accessories,8,430.54,0.3,2411.02,-4.89
ORD-1492,21-11-2023,CUST-317,30,Female,East,Furniture,Bookcases,4,291.02,0,1164.08,133.57
ORD-1493,10-06-2024,CUST-79,18,Female,Central,Office Supplies,Binders,8,73.93,0.1,532.3,20.14
ORD-1494,16-07-2023,CUST-1,40,Female,West,Technology,Machines,4,120.37,0.15,409.26,75.03
ORD-1495,30-11-2022,CUST-550,44,Male,Central,Furniture,Bookcases,9,89.94,0,809.46,87.56
ORD-1496,06-11-2022,CUST-291,20,Male,West,Furniture,Bookcases,2,41.32,0.15,70.24,11.79
ORD-1497,26-09-2023,CUST-482,18,Female,East,Technology,Accessories,1,72.99,0,72.99,-5.79
ORD-1498,25-09-2024,CUST-342,23,Male,Central,Technology,Phones,9,220.45,0.3,1388.83,76.74
ORD-1499,05-11-2023,CUST-97,35,Male,East,Technology,Accessories,7,377.66,0.15,2247.08,661.29
ORD-1500,05-05-2022,CUST-318,49,Female,West,Technology,Copiers,2,41.14,0.15,69.94,15.38
ORD-1501,23-05-2024,CUST-229,30,Male,East,Furniture,Bookcases,8,24.28,0,194.24,50.71
ORD-1502,02-03-2023,CUST-248,37,Male,Central,Office Supplies,Binders,1,431.42,0.2,345.14,-32.97
ORD-1503,05-08-2023,CUST-474,58,Female,Central,Office Supplies,Storage,6,392.34,0.2,1883.23,149.51
ORD-1504,22-11-2023,CUST-431,27,Female,South,Office Supplies,Storage,6,171.98,0.2,825.5,-82.33
ORD-1505,08-08-2024,CUST-499,30,Female,East,Furniture,Tables,3,184.82,0.1,499.01,169.6
ORD-1506,22-04-2022,CUST-568,45,Female,Central,Office Supplies,Paper,2,152.34,0,304.68,13.46
ORD-1507,15-06-2024,CUST-528,33,Male,Central,Office Supplies,Binders,4,433,0,1732,-39.24
ORD-1508,13-12-2024,CUST-391,35,Male,Central,Furniture,Chairs,8,110.08,0,880.64,243.4
ORD-1509,18-04-2022,CUST-2,40,Male,South,Furniture,Bookcases,2,191.64,0,383.28,55.59
ORD-1510,30-04-2023,CUST-45,37,Male,West,Furniture,Chairs,6,329.09,0.1,1777.09,352.78
ORD-1511,06-04-2023,CUST-567,28,Female,East,Furniture,Bookcases,7,134.15,0.3,657.34,151.59
ORD-1512,28-12-2024,CUST-79,55,Female,Central,Office Supplies,Binders,2,382.94,0,765.88,261.6
ORD-1513,30-06-2023,CUST-594,33,Female,Central,Office Supplies,Binders,1,469.34,0.3,328.54,98.35
ORD-1514,21-10-2024,CUST-209,54,Female,South,Technology,Phones,4,319.64,0,1278.56,-42.41
ORD-1515,25-02-2022,CUST-187,44,Female,West,Office Supplies,Storage,9,265.41,0.15,2030.39,448.11
ORD-1516,01-10-2023,CUST-74,31,Female,East,Technology,Accessories,4,261.06,0.1,939.82,-9.68
ORD-1517,03-03-2023,CUST-229,38,Female,East,Technology,Copiers,5,196.47,0,982.35,-33.18
ORD-1518,07-06-2024,CUST-152,43,Male,East,Technology,Copiers,8,157.3,0.3,880.88,-23.99
ORD-1519,01-10-2022,CUST-132,59,Male,East,Furniture,Chairs,4,458.66,0,1834.64,123.72
ORD-1520,13-07-2023,CUST-433,63,Female,South,Technology,Copiers,9,160.45,0.1,1299.64,-3.3
ORD-1521,26-03-2023,CUST-49,38,Male,South,Office Supplies,Binders,1,455.23,0.1,409.71,99.55
ORD-1522,17-05-2024,CUST-144,35,Female,South,Technology,Machines,5,302.69,0,1513.45,219.55
ORD-1523,02-05-2023,CUST-90,39,Male,West,Office Supplies,Binders,6,319.2,0,1915.2,454.32
ORD-1524,22-06-2023,CUST-556,29,Female,West,Office Supplies,Binders,9,243.89,0,2195.01,735.93
ORD-1525,12-06-2024,CUST-457,18,Female,West,Office Supplies,Paper,2,335.03,0.1,603.05,56.05
ORD-1526,01-03-2024,CUST-322,48,Female,South,Office Supplies,Binders,1,420.35,0.1,378.32,-11.76
ORD-1527,23-02-2024,CUST-278,58,Female,South,Technology,Accessories,3,174.11,0.1,470.1,-32.53
ORD-1528,03-05-2022,CUST-357,35,Male,East,Furniture,Sofas,6,300.67,0,1804.02,203.94
ORD-1529,28-12-2024,CUST-93,50,Male,Central,Technology,Machines,3,86.92,0.15,221.65,31.23
ORD-1530,09-02-2023,CUST-14,31,Female,Central,Office Supplies,Paper,8,164.42,0.1,1183.82,338.66
ORD-1531,30-12-2022,CUST-516,62,Male,Central,Office Supplies,Paper,7,133.16,0,932.12,211.35
ORD-1532,16-04-2022,CUST-392,40,Female,West,Furniture,Tables,5,310.51,0.3,1086.78,247.17
ORD-1533,13-06-2024,CUST-469,41,Female,West,Office Supplies,Storage,9,206.91,0,1862.19,-71.94
ORD-1534,14-03-2024,CUST-294,21,Female,West,Technology,Copiers,6,376.23,0.2,1805.9,-69.38
ORD-1535,27-03-2022,CUST-563,30,Female,South,Furniture,Sofas,7,25.26,0,176.82,31.93
ORD-1536,11-03-2022,CUST-298,48,Female,South,Furniture,Sofas,5,144.27,0.1,649.22,73.96
ORD-1537,13-10-2024,CUST-57,49,Male,West,Furniture,Tables,4,192.11,0.3,537.91,59.07
ORD-1538,09-12-2022,CUST-402,33,Male,Central,Furniture,Tables,7,221.76,0.2,1241.86,22.46
ORD-1539,07-08-2023,CUST-164,38,Female,West,Office Supplies,Art,5,54.25,0.15,230.56,77.2
ORD-1540,01-12-2024,CUST-546,31,Female,South,Office Supplies,Binders,3,344.16,0,1032.48,-9.64
ORD-1541,26-02-2022,CUST-250,33,Male,West,Furniture,Sofas,5,86.48,0,432.4,18.52
ORD-1542,28-08-2024,CUST-16,45,Female,South,Technology,Accessories,2,191.61,0.1,344.9,-22.12
ORD-1543,25-11-2022,CUST-366,42,Male,East,Furniture,Tables,5,270.98,0,1354.9,303.03
ORD-1544,30-01-2024,CUST-11,46,Male,South,Office Supplies,Paper,7,381.4,0.15,2269.33,80.41
ORD-1545,25-02-2023,CUST-461,31,Male,Central,Office Supplies,Binders,7,166.45,0.1,1048.64,-35.04
ORD-1546,16-09-2024,CUST-284,18,Female,West,Furniture,Sofas,4,420.11,0.2,1344.35,57.88
ORD-1547,27-04-2023,CUST-42,41,Female,Central,Technology,Phones,2,376.95,0.3,527.73,107.91
ORD-1548,29-06-2023,CUST-221,47,Female,Central,Office Supplies,Binders,7,351.9,0.15,2093.8,666.31
ORD-1549,06-06-2023,CUST-420,32,Male,Central,Office Supplies,Storage,6,491.56,0.1,2654.42,591.81
ORD-1550,27-07-2023,CUST-425,53,Female,East,Office Supplies,Binders,5,94.43,0.3,330.5,-0.51
ORD-1551,17-11-2024,CUST-368,30,Female,East,Furniture,Tables,4,153.47,0.1,552.49,-13.48
ORD-1552,15-07-2023,CUST-247,21,Male,South,Technology,Copiers,6,398.85,0,2393.1,64.71
ORD-1553,15-07-2024,CUST-474,46,Male,South,Technology,Machines,8,158.8,0.1,1143.36,326.52
ORD-1554,29-06-2024,CUST-503,49,Female,East,Office Supplies,Storage,4,469.74,0,1878.96,214.12
ORD-1555,09-12-2023,CUST-145,52,Female,East,Office Supplies,Art,7,83.43,0,584.01,157.81
ORD-1556,07-02-2023,CUST-42,53,Male,West,Office Supplies,Binders,2,91.96,0.1,165.53,36.73
ORD-1557,29-03-2023,CUST-78,34,Male,South,Office Supplies,Storage,6,179.18,0.15,913.82,123.09
ORD-1558,18-02-2022,CUST-147,48,Male,Central,Furniture,Chairs,9,28.29,0,254.61,-3.83
ORD-1559,12-10-2024,CUST-95,38,Female,West,Technology,Phones,1,286.37,0.15,243.41,83.74
ORD-1560,30-12-2024,CUST-517,40,Male,South,Technology,Phones,5,472.96,0,2364.8,754.25
ORD-1561,16-12-2024,CUST-552,32,Male,Central,Furniture,Tables,3,205.46,0.3,431.47,-32.47
ORD-1562,25-08-2022,CUST-198,39,Female,Central,Furniture,Bookcases,6,36.63,0,219.78,-10.57
ORD-1563,20-07-2022,CUST-554,53,Female,Central,Office Supplies,Binders,1,314.48,0.3,220.14,45.32
ORD-1564,25-11-2022,CUST-81,30,Female,East,Technology,Copiers,1,16.9,0.1,15.21,3.19
ORD-1565,05-03-2023,CUST-196,48,Female,East,Technology,Copiers,4,488.84,0.2,1564.29,194.36
ORD-1566,16-12-2024,CUST-252,35,Male,South,Office Supplies,Paper,3,307.61,0,922.83,228.37
ORD-1567,08-07-2024,CUST-433,26,Male,East,Furniture,Sofas,3,290.36,0,871.08,230.39
ORD-1568,06-12-2024,CUST-82,52,Male,East,Technology,Accessories,7,257.99,0.1,1625.34,544.71
ORD-1569,20-07-2024,CUST-200,42,Male,West,Technology,Accessories,2,70.05,0,140.1,22.63
ORD-1570,17-08-2023,CUST-150,48,Female,Central,Technology,Machines,5,259.41,0.15,1102.49,305.23
ORD-1571,08-02-2023,CUST-351,36,Male,East,Office Supplies,Art,6,57.67,0.2,276.82,-10.37
ORD-1572,27-06-2022,CUST-327,66,Male,South,Office Supplies,Binders,6,383.11,0.1,2068.79,518.68
ORD-1573,18-05-2023,CUST-418,44,Female,Central,Office Supplies,Storage,7,340.05,0,2380.35,400.53
ORD-1574,22-11-2022,CUST-93,30,Male,South,Technology,Accessories,2,211.61,0,423.22,136.29
ORD-1575,24-10-2024,CUST-277,44,Female,West,Office Supplies,Storage,7,359.11,0,2513.77,608.7
ORD-1576,01-06-2022,CUST-296,26,Female,East,Office Supplies,Art,3,401.07,0,1203.21,-83.48
ORD-1577,25-04-2024,CUST-589,29,Male,West,Furniture,Tables,6,345.18,0,2071.08,-150.34
ORD-1578,20-06-2022,CUST-551,60,Female,Central,Office Supplies,Art,6,155.53,0.2,746.54,24.09
ORD-1579,24-11-2023,CUST-547,35,Female,East,Furniture,Chairs,8,231.69,0,1853.52,174.31
ORD-1580,31-12-2023,CUST-66,34,Male,Central,Office Supplies,Binders,7,91.21,0.1,574.62,127.28
ORD-1581,20-02-2023,CUST-557,39,Male,Central,Technology,Machines,4,164.79,0,659.16,71.71
ORD-1582,20-01-2024,CUST-49,33,Female,East,Technology,Phones,6,154.39,0.2,741.07,135.46
ORD-1583,13-05-2022,CUST-591,39,Male,Central,Office Supplies,Paper,7,412.75,0,2889.25,837.25
ORD-1584,23-03-2022,CUST-375,40,Male,South,Furniture,Sofas,7,85.86,0,601.02,-20.75
ORD-1585,22-10-2023,CUST-519,52,Female,South,Office Supplies,Storage,8,323.34,0,2586.72,464.79
ORD-1586,04-07-2023,CUST-349,32,Male,South,Furniture,Chairs,5,471.78,0.1,2123.01,585.39
ORD-1587,28-06-2022,CUST-97,44,Female,Central,Technology,Accessories,7,498.85,0,3491.95,89.42
ORD-1588,19-09-2024,CUST-447,43,Male,East,Technology,Machines,5,206.91,0,1034.55,-93.38
ORD-1589,07-09-2023,CUST-210,32,Male,West,Furniture,Bookcases,1,456.35,0.1,410.72,-33.69
ORD-1590,17-08-2024,CUST-387,48,Male,West,Furniture,Chairs,5,429.87,0.1,1934.42,489.26
ORD-1591,06-08-2022,CUST-271,38,Female,East,Office Supplies,Paper,5,332.8,0.15,1414.4,29.23
ORD-1592,16-09-2022,CUST-90,53,Male,West,Office Supplies,Binders,4,359.29,0.3,1006.01,344.44
ORD-1593,24-12-2022,CUST-533,39,Female,West,Furniture,Bookcases,9,439.17,0,3952.53,584.01
ORD-1594,02-05-2024,CUST-394,47,Male,West,Office Supplies,Paper,8,29.14,0.2,186.5,18.11
ORD-1595,04-06-2024,CUST-412,18,Female,West,Office Supplies,Art,5,33.22,0.1,149.49,41.58
ORD-1596,14-01-2022,CUST-221,48,Female,South,Furniture,Bookcases,5,166.74,0,833.7,140.36
ORD-1597,01-12-2024,CUST-129,56,Male,East,Office Supplies,Storage,4,145.48,0.15,494.63,18.61
ORD-1598,05-08-2024,CUST-599,55,Female,West,Furniture,Tables,9,57.3,0.2,412.56,66.19
ORD-1599,15-03-2024,CUST-117,46,Male,Central,Technology,Accessories,4,426.17,0,1704.68,320.82
ORD-1600,15-04-2022,CUST-511,50,Male,South,Furniture,Tables,3,357.55,0,1072.65,6.35
ORD-1601,24-06-2023,CUST-271,39,Female,Central,Technology,Copiers,4,456.33,0,1825.32,348.03
ORD-1602,06-12-2023,CUST-49,38,Female,Central,Office Supplies,Storage,3,456.26,0.3,958.15,-24.49
ORD-1603,25-06-2022,CUST-28,55,Female,East,Technology,Phones,2,453.96,0,907.92,304.83
ORD-1604,25-02-2022,CUST-307,37,Male,East,Office Supplies,Art,3,155.35,0,466.05,-16.43
ORD-1605,23-12-2022,CUST-464,29,Female,West,Furniture,Bookcases,5,274.77,0,1373.85,9.04
ORD-1606,07-03-2022,CUST-479,45,Male,East,Office Supplies,Paper,5,113.06,0,565.3,-52.04
ORD-1607,29-05-2023,CUST-495,18,Female,Central,Technology,Phones,4,8.39,0.1,30.2,6.3
ORD-1608,25-01-2024,CUST-389,27,Male,South,Technology,Accessories,9,391.45,0.3,2466.13,178.24
ORD-1609,01-02-2022,CUST-9,63,Female,South,Technology,Accessories,1,476.65,0,476.65,86.2
ORD-1610,07-04-2023,CUST-172,57,Male,East,Office Supplies,Binders,9,132.29,0.15,1012.02,-88.4
ORD-1611,18-09-2023,CUST-313,22,Female,South,Technology,Machines,6,13.37,0.3,56.15,1.2
ORD-1612,05-06-2024,CUST-234,35,Male,East,Furniture,Sofas,1,482.9,0.3,338.03,42.69
ORD-1613,02-08-2023,CUST-386,43,Female,East,Furniture,Tables,2,139.5,0.2,223.2,15.68
ORD-1614,03-08-2023,CUST-47,44,Male,South,Technology,Accessories,9,355.94,0.3,2242.42,-85.26
ORD-1615,27-02-2022,CUST-454,29,Male,Central,Technology,Accessories,8,91.11,0,728.88,136.14
ORD-1616,01-02-2023,CUST-484,45,Female,South,Office Supplies,Storage,3,239.89,0.2,575.74,54.37
ORD-1617,12-09-2024,CUST-491,55,Female,East,Office Supplies,Storage,2,76.43,0,152.86,-14.14
ORD-1618,26-06-2023,CUST-328,51,Male,Central,Technology,Copiers,8,441.58,0.3,2472.85,-33.25
ORD-1619,06-07-2023,CUST-229,54,Male,East,Office Supplies,Storage,3,261.42,0,784.26,70.75
ORD-1620,12-06-2023,CUST-133,31,Male,West,Technology,Machines,7,194.54,0,1361.78,79.36
ORD-1621,04-11-2023,CUST-551,38,Female,South,Office Supplies,Binders,7,31.19,0.15,185.58,-13.9
ORD-1622,23-01-2024,CUST-446,49,Male,Central,Office Supplies,Art,6,149.04,0.2,715.39,219.63
ORD-1623,30-05-2022,CUST-455,57,Female,Central,Furniture,Tables,6,476.37,0.1,2572.4,473.82
ORD-1624,15-10-2023,CUST-51,36,Male,West,Furniture,Chairs,5,226.2,0.15,961.35,-0.76
ORD-1625,12-01-2024,CUST-497,26,Female,South,Technology,Machines,3,46.69,0.3,98.05,19.6
ORD-1626,07-09-2023,CUST-575,51,Male,South,Technology,Accessories,9,91.52,0.1,741.31,7.75
ORD-1627,29-11-2022,CUST-356,48,Male,West,Office Supplies,Art,9,168.8,0,1519.2,523.53
ORD-1628,29-01-2022,CUST-64,37,Male,South,Technology,Accessories,3,319.46,0,958.38,-6.65
ORD-1629,13-04-2024,CUST-304,47,Female,West,Office Supplies,Art,6,429.78,0.1,2320.81,791.67
ORD-1630,07-05-2024,CUST-556,46,Female,Central,Furniture,Bookcases,2,187.52,0.15,318.78,84.45
ORD-1631,06-11-2024,CUST-302,38,Female,South,Office Supplies,Binders,8,174.03,0,1392.24,370.57
ORD-1632,10-03-2022,CUST-174,44,Male,West,Technology,Accessories,9,470.73,0,4236.57,658.15
ORD-1633,31-01-2022,CUST-101,38,Female,Central,Furniture,Sofas,7,132.6,0.15,788.97,-73.79
ORD-1634,23-11-2023,CUST-454,40,Female,West,Technology,Phones,5,232.48,0.1,1046.16,-70.62
ORD-1635,07-01-2024,CUST-371,63,Male,East,Office Supplies,Storage,1,90.33,0.2,72.26,12.71
ORD-1636,18-09-2022,CUST-200,18,Female,East,Office Supplies,Paper,2,315.28,0,630.56,164.99
ORD-1637,23-05-2023,CUST-256,41,Male,West,Office Supplies,Art,2,134.03,0,268.06,-26.73
ORD-1638,29-05-2024,CUST-208,32,Male,West,Furniture,Sofas,9,55.44,0,498.96,88.46
ORD-1639,04-09-2024,CUST-227,43,Male,South,Technology,Copiers,1,195.63,0.1,176.07,-14.08
ORD-1640,27-01-2024,CUST-158,23,Male,South,Furniture,Tables,1,44.07,0,44.07,5
ORD-1641,12-08-2023,CUST-17,,Female,East,Technology,Machines,2,247.7,0.2,396.32,108.74
ORD-1642,21-09-2024,CUST-383,29,Male,West,Technology,Accessories,8,245.81,0,1966.48,-102.12
ORD-1643,14-10-2024,CUST-288,33,Male,South,Furniture,Bookcases,8,45.6,0,364.8,73.89
ORD-1644,08-02-2023,CUST-101,57,Male,Central,Furniture,Sofas,9,106.96,0.15,818.24,-74.04
ORD-1645,31-07-2024,CUST-315,34,Female,Central,Furniture,Tables,9,103.11,0.2,742.39,43.53
ORD-1646,30-09-2022,CUST-338,58,Male,South,Technology,Accessories,8,121.01,0,968.08,-42.92
ORD-1647,17-05-2022,CUST-53,46,Male,West,Furniture,Chairs,3,494.62,0,1483.86,300.37
ORD-1648,09-03-2023,CUST-364,29,Male,East,Furniture,Bookcases,7,257.31,0,1801.17,-57.51
ORD-1649,01-09-2022,CUST-504,22,Male,Central,Furniture,Bookcases,4,351.2,0,1404.8,396.52
ORD-1650,15-03-2023,CUST-78,46,Male,East,Technology,Copiers,2,18.6,0.1,33.48,11.62
ORD-1651,22-10-2022,CUST-372,28,Female,East,Office Supplies,Storage,9,372.96,0.15,2853.14,-110.63
ORD-1652,28-12-2024,CUST-243,63,Female,East,Office Supplies,Paper,4,35.53,0.1,127.91,-1.01
ORD-1653,09-07-2023,CUST-399,50,Female,East,Office Supplies,Binders,2,443.35,0,886.7,263.42
ORD-1654,09-10-2023,CUST-290,35,Female,South,Office Supplies,Binders,1,12.77,0,12.77,-0.76
ORD-1655,28-01-2024,CUST-380,37,Female,South,Technology,Machines,8,125.5,0.2,803.2,-4.67
ORD-1656,16-01-2024,CUST-118,52,Female,West,Furniture,Chairs,3,384.8,0.3,808.08,95.08
ORD-1657,10-04-2022,CUST-282,32,Male,Central,Furniture,Sofas,5,56.89,0,284.45,38.14
ORD-1658,27-10-2024,CUST-364,29,Female,West,Furniture,Tables,8,99.24,0,793.92,-41.59
ORD-1659,30-10-2023,CUST-240,43,Female,Central,Office Supplies,Storage,5,279.28,0,1396.4,98.33
ORD-1660,14-04-2024,CUST-210,59,Female,Central,Office Supplies,Art,7,447.52,0.3,2192.85,-125.69
ORD-1661,22-08-2022,CUST-336,43,Male,Central,Furniture,Chairs,9,361.46,0,3253.14,353.66
ORD-1662,20-11-2022,CUST-466,63,Male,East,Office Supplies,Paper,3,23.42,0.3,49.18,9.98
ORD-1663,17-12-2023,CUST-258,18,Male,West,Technology,Accessories,6,432.46,0,2594.76,790.83
ORD-1664,13-08-2022,CUST-480,52,Male,South,Technology,Accessories,2,481,0.15,817.7,147.08
ORD-1665,15-05-2023,CUST-298,43,Female,East,Technology,Machines,1,225,0,225,-12.12
ORD-1666,28-03-2022,CUST-152,27,Female,Central,Office Supplies,Art,3,482.39,0.15,1230.09,426.45
ORD-1667,28-10-2024,CUST-219,52,Female,East,Office Supplies,Paper,7,245.21,0.15,1459,105.14
ORD-1668,18-01-2024,CUST-205,26,Male,East,Furniture,Tables,1,444.88,0.1,400.39,91.2
ORD-1669,17-02-2024,CUST-302,24,Male,Central,Office Supplies,Binders,6,310.96,0.1,1679.18,244.47
ORD-1670,04-01-2023,CUST-360,48,Female,West,Office Supplies,Binders,9,207.31,0.1,1679.21,-128.09
ORD-1671,18-06-2024,CUST-80,75,Male,South,Office Supplies,Paper,8,57.08,0.15,388.14,72.17
ORD-1672,22-04-2024,CUST-574,33,Male,Central,Technology,Phones,8,300.15,0.15,2041.02,-197.34
ORD-1673,02-04-2023,CUST-428,40,Male,South,Technology,Copiers,9,460.22,0,4141.98,-24.54
ORD-1674,19-02-2023,CUST-23,55,Female,East,Furniture,Chairs,2,293.16,0,586.32,-15.29
ORD-1675,08-05-2024,CUST-363,,Female,West,Technology,Copiers,9,24.51,0.15,187.5,51.08
ORD-1676,30-10-2023,CUST-119,43,Male,East,Furniture,Chairs,9,324.57,0.2,2336.9,537.01
ORD-1677,27-01-2023,CUST-238,40,Female,South,Office Supplies,Paper,1,365,0.1,328.5,-12.08
ORD-1678,30-05-2024,CUST-444,25,Male,East,Office Supplies,Art,2,437.31,0,874.62,262.27
ORD-1679,20-03-2022,CUST-224,26,Male,West,Technology,Phones,9,158.95,0.2,1144.44,284.64
ORD-1680,26-04-2022,CUST-86,31,Male,South,Office Supplies,Art,3,171.49,0.1,463.02,-24.86
ORD-1681,27-11-2023,CUST-314,57,Male,Central,Technology,Accessories,9,260.02,0.15,1989.15,304.27
ORD-1682,05-12-2024,CUST-104,51,Male,West,Furniture,Sofas,6,15.41,0.15,78.59,-6.71
ORD-1683,13-12-2024,CUST-118,67,Male,West,Office Supplies,Storage,2,29.55,0,59.1,-5.04
ORD-1684,15-10-2024,CUST-219,62,Male,South,Office Supplies,Storage,6,344.17,0.3,1445.51,305
ORD-1685,26-06-2022,CUST-489,38,Female,Central,Furniture,Bookcases,4,364.52,0,1458.08,148.85
ORD-1686,22-09-2024,CUST-320,49,Male,Central,Technology,Accessories,5,312.89,0.1,1408,334.16
ORD-1687,23-02-2024,CUST-396,56,Female,East,Furniture,Tables,8,137.91,0.1,992.95,274.58
ORD-1688,27-05-2024,CUST-209,36,Male,West,Furniture,Bookcases,7,112.76,0.3,552.52,-22.77
ORD-1689,13-08-2022,CUST-220,39,Male,South,Technology,Machines,7,239.85,0,1678.95,-103.85
ORD-1690,18-08-2023,CUST-543,40,Female,West,Technology,Machines,5,30.9,0.15,131.32,36.83
ORD-1691,16-03-2022,CUST-589,57,Female,Central,Technology,Machines,2,116.7,0,233.4,59.9
ORD-1692,28-07-2024,CUST-538,34,Female,East,Technology,Phones,3,44.61,0,133.83,38.31
ORD-1693,22-11-2022,CUST-573,36,Male,East,Furniture,Bookcases,7,358.71,0.1,2259.87,761.01
ORD-1694,12-07-2022,CUST-466,37,Male,South,Office Supplies,Storage,3,124.14,0.15,316.56,75.22
ORD-1695,20-04-2023,CUST-598,18,Male,East,Furniture,Bookcases,1,31.2,0.15,26.52,8.75
ORD-1696,26-10-2024,CUST-56,43,Male,West,Office Supplies,Paper,4,62.76,0.15,213.38,11.42
ORD-1697,05-12-2024,CUST-353,59,Male,Central,Technology,Phones,8,138.99,0,1111.92,173.48
ORD-1698,12-07-2023,CUST-319,37,Female,Central,Technology,Accessories,1,238,0,238,-3.34
ORD-1699,04-12-2023,CUST-202,57,Female,Central,Office Supplies,Storage,1,225.95,0.1,203.36,66.09
ORD-1700,30-03-2023,CUST-390,30,Female,East,Office Supplies,Art,4,468.6,0,1874.4,546
ORD-1701,07-05-2024,CUST-106,49,Female,Central,Office Supplies,Binders,8,364.11,0,2912.88,241.38
ORD-1702,02-07-2023,CUST-146,27,Male,East,Technology,Accessories,6,347.97,0.1,1879.04,403.59
ORD-1703,14-12-2023,CUST-415,36,Male,Central,Technology,Copiers,7,131.66,0.1,829.46,170
ORD-1704,10-04-2024,CUST-514,23,Female,South,Office Supplies,Art,4,363.57,0,1454.28,438.48
ORD-1705,02-12-2024,CUST-467,36,Female,South,Furniture,Tables,7,163.68,0,1145.76,38.13
ORD-1706,16-04-2023,CUST-24,53,Male,Central,Office Supplies,Art,5,379.61,0,1898.05,446.04
ORD-1707,26-10-2023,CUST-163,33,Male,Central,Technology,Machines,6,279.87,0.1,1511.3,294.62
ORD-1708,28-04-2024,CUST-426,48,Female,South,Office Supplies,Binders,6,189.47,0,1136.82,164.35
ORD-1709,20-01-2023,CUST-308,27,Female,Central,Technology,Machines,8,306.97,0,2455.76,90.95
ORD-1710,12-03-2024,CUST-150,31,Male,East,Furniture,Tables,1,400.25,0,400.25,4.02
ORD-1711,26-10-2022,CUST-453,26,Male,South,Furniture,Tables,7,210.48,0,1473.36,142.92
ORD-1712,02-05-2023,CUST-82,53,Male,South,Office Supplies,Storage,3,374.14,0,1122.42,178.22
ORD-1713,08-07-2024,CUST-176,41,Female,East,Furniture,Tables,8,84.69,0.1,609.77,197.99
ORD-1714,24-06-2023,CUST-441,33,Male,Central,Furniture,Bookcases,3,431.61,0.1,1165.35,405.02
ORD-1715,06-07-2024,CUST-162,42,Male,East,Technology,Accessories,9,295.74,0,2661.66,887.13
ORD-1716,11-06-2024,CUST-164,40,Female,West,Technology,Copiers,1,301.1,0.1,270.99,-19.23
ORD-1717,17-11-2024,CUST-426,45,Female,West,Furniture,Bookcases,4,319.87,0,1279.48,119.53
ORD-1718,29-04-2024,CUST-105,53,Female,Central,Furniture,Bookcases,7,180.73,0.1,1138.6,143.93
ORD-1719,29-06-2023,CUST-133,29,Male,East,Technology,Accessories,2,208.09,0,416.18,-18.22
ORD-1720,24-06-2023,CUST-593,37,Male,South,Office Supplies,Binders,7,159.86,0,1119.02,153.38
ORD-1721,04-06-2023,CUST-20,22,Male,East,Technology,Accessories,5,284.6,0,1423,-78.42
ORD-1722,22-12-2022,CUST-350,49,Female,West,Technology,Accessories,6,468.2,0.1,2528.28,668.08
ORD-1723,30-06-2024,CUST-520,49,Male,South,Furniture,Tables,1,205.48,0.3,143.84,-8.62
ORD-1724,27-05-2022,CUST-359,24,Male,West,Technology,Phones,6,311.47,0,1868.82,627.19
ORD-1725,23-01-2024,CUST-128,18,Female,Central,Technology,Phones,6,166.87,0.1,901.1,21.48
ORD-1726,15-06-2023,CUST-85,29,Male,Central,Office Supplies,Art,9,104.31,0.15,797.97,33.3
ORD-1727,01-04-2023,CUST-421,34,Female,South,Office Supplies,Paper,9,241.75,0,2175.75,257.9
ORD-1728,26-11-2022,CUST-285,39,Male,East,Technology,Phones,7,270.15,0.2,1512.84,-147.96
ORD-1729,22-02-2023,CUST-414,54,Female,West,Technology,Machines,1,448.64,0.2,358.91,-35.3
ORD-1730,19-01-2022,CUST-139,45,Female,West,Office Supplies,Binders,8,23.7,0.1,170.64,3.09
ORD-1731,16-12-2023,CUST-560,44,Male,West,Technology,Phones,4,192.79,0.3,539.81,95.5
ORD-1732,12-03-2023,CUST-410,22,Female,South,Furniture,Chairs,4,439.53,0.1,1582.31,308.99
ORD-1733,05-07-2023,CUST-578,30,Female,East,Office Supplies,Binders,3,31.46,0.1,84.94,-6.61
ORD-1734,18-12-2023,CUST-303,58,Female,West,Office Supplies,Paper,9,434.24,0.15,3321.94,-261.99
ORD-1735,22-12-2023,CUST-59,44,Female,South,Furniture,Tables,8,51.09,0.1,367.85,110.13
ORD-1736,15-08-2024,CUST-463,23,Female,Central,Office Supplies,Storage,1,268.01,0,268.01,88.22
ORD-1737,16-01-2024,CUST-564,51,Male,Central,Office Supplies,Art,6,323.1,0.2,1550.88,49.06
ORD-1738,25-12-2024,CUST-520,34,Male,East,Technology,Phones,6,270.62,0.3,1136.6,313.4
ORD-1739,20-09-2023,CUST-361,50,Female,Central,Furniture,Sofas,1,123.77,0,123.77,39.34
ORD-1740,18-02-2022,CUST-349,46,Male,South,Office Supplies,Paper,7,312.65,0,2188.55,-34.91
ORD-1741,18-05-2024,CUST-167,47,Female,East,Office Supplies,Storage,7,124.42,0,870.94,11.08
ORD-1742,06-10-2022,CUST-402,37,Female,East,Office Supplies,Storage,5,23.03,0.3,80.6,-5.4
ORD-1743,15-10-2023,CUST-420,44,Female,East,Technology,Phones,8,203.9,0,1631.2,374.71
ORD-1744,28-05-2022,CUST-11,35,Male,East,Furniture,Chairs,9,229.84,0.2,1654.85,517.36
ORD-1745,02-11-2022,CUST-443,47,Male,East,Office Supplies,Paper,9,345.67,0.15,2644.38,681.93
ORD-1746,09-09-2023,CUST-346,38,Female,East,Technology,Phones,3,236.54,0,709.62,77.06
ORD-1747,07-05-2024,CUST-74,51,Female,Central,Technology,Copiers,8,227.78,0,1822.24,136.02
ORD-1748,14-09-2024,CUST-346,43,Female,East,Furniture,Chairs,7,313.47,0,2194.29,277.93
ORD-1749,20-12-2023,CUST-15,24,Male,West,Technology,Machines,2,325.81,0,651.62,126.61
ORD-1750,13-08-2024,CUST-210,53,Female,East,Furniture,Bookcases,9,462,0.15,3534.3,-151.28
ORD-1751,23-07-2022,CUST-135,19,Male,Central,Office Supplies,Storage,5,499.13,0.3,1746.96,-24.38
ORD-1752,10-09-2022,CUST-332,29,Male,South,Furniture,Tables,7,363.37,0,2543.59,-134.06
ORD-1753,23-05-2024,CUST-442,45,Female,Central,Technology,Phones,7,454.19,0,3179.33,446.11
ORD-1754,05-10-2022,CUST-288,41,Female,Central,Furniture,Chairs,1,241.96,0,241.96,57.72
ORD-1755,09-11-2022,CUST-351,50,Male,East,Furniture,Bookcases,9,492.14,0.15,3764.87,935.24
ORD-1756,13-02-2024,CUST-390,49,Male,West,Office Supplies,Art,5,310.82,0.15,1320.98,-70.3
ORD-1757,13-04-2023,CUST-309,33,Male,East,Office Supplies,Binders,2,39.7,0.2,63.52,7.93
ORD-1758,09-05-2024,CUST-156,33,Female,West,Technology,Accessories,8,452.96,0.2,2898.94,161.82
ORD-1759,07-05-2023,CUST-349,53,Male,Central,Office Supplies,Paper,4,253.21,0,1012.84,85.38
ORD-1760,17-09-2024,CUST-257,54,Male,West,Office Supplies,Binders,3,298.32,0,894.96,112.65
ORD-1761,17-06-2024,CUST-339,64,Female,West,Furniture,Bookcases,7,135.2,0,946.4,103.61
ORD-1762,25-12-2022,CUST-472,33,Male,South,Office Supplies,Paper,6,60.74,0.3,255.11,-4.44
ORD-1763,23-10-2022,CUST-244,22,Male,East,Technology,Machines,6,77.99,0.1,421.15,65.1
ORD-1764,31-01-2024,CUST-124,18,Male,South,Furniture,Bookcases,6,131.32,0.2,630.34,91.95
ORD-1765,27-06-2023,CUST-536,50,Male,West,Office Supplies,Storage,9,308.52,0.2,2221.34,439.5
ORD-1766,18-09-2023,CUST-157,38,Female,South,Technology,Copiers,8,145.83,0,1166.64,234.31
ORD-1767,02-11-2022,CUST-240,41,Female,Central,Office Supplies,Storage,6,316.07,0,1896.42,27.15
ORD-1768,19-05-2022,CUST-431,36,Male,West,Technology,Phones,6,409.42,0.1,2210.87,104.02
ORD-1769,14-03-2024,CUST-60,42,Male,West,Technology,Accessories,2,77.99,0,155.98,-10.56
ORD-1770,27-08-2022,CUST-433,25,Female,East,Technology,Phones,1,287.3,0,287.3,-10.57
ORD-1771,25-02-2022,CUST-257,46,Male,East,Technology,Phones,1,173.8,0.3,121.66,17.8
ORD-1772,18-02-2022,CUST-561,37,Female,East,Furniture,Tables,3,246.3,0,738.9,138.71
ORD-1773,10-03-2023,CUST-170,27,Male,West,Furniture,Sofas,3,358.38,0.1,967.63,78.45
ORD-1774,19-05-2022,CUST-204,28,Female,South,Office Supplies,Art,7,7.67,0.15,45.64,15.41
ORD-1775,23-06-2023,CUST-32,43,Female,Central,Office Supplies,Binders,6,111.21,0.15,567.17,-8.44
ORD-1776,25-08-2022,CUST-292,45,Female,South,Office Supplies,Storage,3,261.65,0,784.95,4.18
ORD-1777,18-01-2023,CUST-555,65,Female,East,Technology,Machines,1,258.73,0,258.73,27.1
ORD-1778,24-03-2024,CUST-375,42,Male,East,Technology,Machines,1,11.69,0,11.69,4.01
ORD-1779,30-10-2023,CUST-597,33,Female,West,Technology,Copiers,1,329.11,0,329.11,-4.1
ORD-1780,04-04-2023,CUST-275,27,Female,Central,Office Supplies,Binders,2,261.99,0,523.98,47.23
ORD-1781,20-07-2023,CUST-543,29,Female,Central,Office Supplies,Storage,8,390.08,0.2,2496.51,401.68
ORD-1782,05-02-2024,CUST-123,18,Male,South,Furniture,Sofas,7,326.68,0,2286.76,605.11
ORD-1783,20-04-2024,CUST-235,43,Female,East,Furniture,Bookcases,2,314.86,0,629.72,69.94
ORD-1784,05-04-2024,CUST-533,20,Male,Central,Furniture,Sofas,8,91.98,0.1,662.26,60.19
ORD-1785,26-12-2024,CUST-506,35,Male,South,Office Supplies,Storage,1,47.53,0.15,40.4,-0.47
ORD-1786,10-12-2024,CUST-291,54,Female,East,Office Supplies,Art,5,187.02,0,935.1,36.78
ORD-1787,24-04-2023,CUST-189,54,Male,South,Furniture,Tables,1,448.89,0,448.89,1.07
ORD-1788,23-01-2023,CUST-277,45,Male,South,Technology,Accessories,1,71.43,0.1,64.29,3.4
ORD-1789,01-08-2022,CUST-451,61,Male,Central,Technology,Machines,9,232.03,0.15,1775.03,219.67
ORD-1790,29-02-2024,CUST-423,53,Male,Central,Office Supplies,Binders,1,457.34,0,457.34,31.12
ORD-1791,21-11-2022,CUST-564,35,Male,East,Office Supplies,Binders,6,157.69,0,946.14,153.42
ORD-1792,12-08-2023,CUST-248,,Male,East,Office Supplies,Paper,3,52.07,0,156.21,35.38
ORD-1793,27-07-2023,CUST-312,34,Female,South,Technology,Machines,7,59.13,0,413.91,21.35
ORD-1794,22-08-2024,CUST-39,41,Female,East,Office Supplies,Binders,1,110.36,0.15,93.81,13.54
ORD-1795,16-10-2022,CUST-87,27,Male,West,Office Supplies,Paper,8,419.28,0.3,2347.97,-210.95
ORD-1796,01-12-2024,CUST-387,74,Female,West,Office Supplies,Storage,1,394.55,0,394.55,26.13
ORD-1797,12-02-2023,CUST-203,43,Male,East,Technology,Accessories,9,322.04,0,2898.36,-179.43
ORD-1798,26-03-2022,CUST-20,48,Male,West,Office Supplies,Art,7,101.89,0.2,570.58,156.25
ORD-1799,22-11-2022,CUST-307,35,Male,Central,Technology,Accessories,1,390.87,0,390.87,106.84
ORD-1800,10-01-2024,CUST-472,21,Female,West,Office Supplies,Art,8,267.69,0,2141.52,436.96
ORD-1801,06-08-2023,CUST-569,42,Female,South,Furniture,Chairs,1,149.87,0,149.87,8.08
ORD-1802,08-11-2024,CUST-436,59,Female,Central,Technology,Accessories,4,273.44,0,1093.76,257.95
ORD-1803,23-10-2023,CUST-8,47,Male,East,Technology,Machines,6,5.64,0,33.84,4.76
ORD-1804,22-11-2024,CUST-25,41,Female,Central,Furniture,Chairs,1,224.95,0.3,157.46,-12.36
ORD-1805,11-11-2023,CUST-231,41,Female,East,Technology,Machines,3,92.46,0.1,249.64,76.59
ORD-1806,10-05-2023,CUST-588,33,Male,South,Furniture,Sofas,6,403.84,0.1,2180.74,72.23
ORD-1807,11-12-2022,CUST-214,39,Male,East,Technology,Copiers,8,339.81,0,2718.48,620.58
ORD-1808,28-01-2023,CUST-197,40,Female,Central,Office Supplies,Art,9,206.02,0,1854.18,295.92
ORD-1809,25-09-2024,CUST-553,33,Male,East,Office Supplies,Storage,2,313.54,0,627.08,-55.97
ORD-1810,13-11-2022,CUST-123,50,Female,West,Office Supplies,Art,6,346.13,0.1,1869.1,-18.56
ORD-1811,18-12-2024,CUST-254,19,Male,East,Furniture,Chairs,1,377.89,0.15,321.21,64.63
ORD-1812,10-03-2022,CUST-333,49,Male,Central,Furniture,Sofas,1,161.72,0.15,137.46,-11.8
ORD-1813,16-02-2022,CUST-157,46,Male,East,Technology,Phones,8,266.27,0.1,1917.14,306.83
ORD-1814,09-09-2024,CUST-331,29,Male,West,Office Supplies,Binders,8,469.09,0.1,3377.45,596.82
ORD-1815,01-05-2023,CUST-292,39,Male,Central,Furniture,Sofas,8,419.73,0,3357.84,995.59
ORD-1816,17-01-2024,CUST-599,33,Female,Central,Office Supplies,Binders,3,423.17,0.2,1015.61,19.39
ORD-1817,05-12-2022,CUST-503,43,Male,East,Office Supplies,Art,6,382.21,0.1,2063.93,574.5
ORD-1818,16-09-2023,CUST-257,33,Female,Central,Furniture,Tables,5,76.57,0.15,325.42,-11.73
ORD-1819,15-09-2024,CUST-107,41,Male,Central,Furniture,Tables,2,74.16,0,148.32,13.51
ORD-1820,16-06-2024,CUST-56,25,Female,East,Technology,Accessories,6,284.11,0.1,1534.19,348.48
ORD-1821,28-06-2022,CUST-420,43,Female,West,Technology,Copiers,2,301.72,0,603.44,141.05
ORD-1822,21-04-2023,CUST-188,45,Female,East,Furniture,Chairs,6,127.37,0.15,649.59,11.64
ORD-1823,13-06-2023,CUST-438,25,Male,Central,Technology,Machines,2,144.86,0,289.72,-15.55
ORD-1824,07-03-2024,CUST-578,40,Male,West,Technology,Phones,5,170.44,0,852.2,45.57
ORD-1825,08-10-2022,CUST-533,40,Male,East,Office Supplies,Art,8,150.35,0,1202.8,341.11
ORD-1826,20-03-2023,CUST-144,34,Female,East,Office Supplies,Storage,1,217.3,0.15,184.7,41.97
ORD-1827,16-01-2024,CUST-377,32,Female,Central,Technology,Phones,5,57.96,0.15,246.33,70.09
ORD-1828,13-08-2022,CUST-583,18,Male,West,Office Supplies,Storage,9,118.81,0.1,962.36,13.54
ORD-1829,17-03-2022,CUST-596,50,Female,South,Technology,Phones,3,96.19,0.1,259.71,19.89
ORD-1830,17-05-2023,CUST-525,18,Male,West,Office Supplies,Art,6,266.47,0.15,1359,-9.02
ORD-1831,18-12-2023,CUST-298,30,Male,West,Furniture,Tables,3,433.88,0,1301.64,404.49
ORD-1832,19-12-2024,CUST-503,60,Male,Central,Office Supplies,Storage,8,258.59,0,2068.72,324.68
ORD-1833,16-01-2024,CUST-146,28,Female,West,Furniture,Sofas,8,315.49,0,2523.92,852.87
ORD-1834,15-05-2022,CUST-370,41,Female,East,Technology,Phones,2,420.41,0,840.82,271.65
ORD-1835,24-10-2024,CUST-92,51,Male,South,Office Supplies,Paper,9,27.16,0,244.44,25.85
ORD-1836,19-07-2024,CUST-502,57,Female,East,Office Supplies,Binders,2,161.72,0.1,291.1,-9.4
ORD-1837,16-01-2023,CUST-307,40,Female,East,Office Supplies,Storage,6,247.77,0,1486.62,443.34
ORD-1838,29-11-2022,CUST-38,37,Male,South,Technology,Machines,1,496.09,0,496.09,128.11
ORD-1839,09-10-2023,CUST-349,18,Male,Central,Technology,Machines,1,306.47,0.15,260.5,26.32
ORD-1840,31-01-2023,CUST-471,32,Female,South,Office Supplies,Binders,6,44.4,0.3,186.48,3.23
ORD-1841,20-06-2024,CUST-464,45,Female,Central,Office Supplies,Art,1,65.34,0.1,58.81,9.61
ORD-1842,23-09-2022,CUST-311,44,Female,West,Furniture,Sofas,6,451.12,0,2706.72,193.89
ORD-1843,07-11-2023,CUST-255,28,Male,West,Office Supplies,Paper,3,36.32,0.1,98.06,-7.28
ORD-1844,18-04-2024,CUST-115,47,Male,Central,Technology,Machines,7,295.3,0,2067.1,706.65
ORD-1845,26-10-2022,CUST-463,41,Female,East,Office Supplies,Storage,7,81.11,0.3,397.44,95.73
ORD-1846,09-08-2022,CUST-438,48,Male,East,Technology,Phones,3,345.71,0,1037.13,101.02
ORD-1847,07-07-2023,CUST-336,47,Female,West,Office Supplies,Storage,6,457.08,0.1,2468.23,375.01
ORD-1848,13-05-2023,CUST-514,32,Female,East,Office Supplies,Storage,4,369.04,0,1476.16,81.79
ORD-1849,04-10-2023,CUST-128,38,Female,West,Office Supplies,Storage,9,338.06,0.2,2434.03,193.43
ORD-1850,20-06-2024,CUST-308,44,Male,East,Technology,Accessories,6,230.88,0.2,1108.22,137.46
ORD-1851,18-05-2024,CUST-466,45,Female,South,Technology,Accessories,4,117.68,0.1,423.65,111.31
ORD-1852,18-04-2023,CUST-192,41,Male,East,Office Supplies,Binders,5,53.99,0,269.95,76.88
ORD-1853,23-05-2023,CUST-502,39,Female,South,Technology,Accessories,1,54.87,0.15,46.64,-4.01
ORD-1854,21-11-2024,CUST-516,50,Female,South,Furniture,Chairs,1,182.39,0,182.39,34.52
ORD-1855,10-11-2024,CUST-340,35,Female,East,Technology,Machines,5,80.8,0,404,2.88
ORD-1856,17-07-2024,CUST-93,56,Male,West,Office Supplies,Paper,2,344.51,0.2,551.22,6.88
ORD-1857,13-06-2023,CUST-95,61,Male,East,Technology,Machines,9,370.71,0.2,2669.11,271.11
ORD-1858,27-12-2024,CUST-74,40,Male,Central,Technology,Copiers,6,432.02,0.1,2332.91,381.75
ORD-1859,16-08-2024,CUST-455,45,Male,South,Furniture,Tables,1,127.54,0.2,102.03,24.83
ORD-1860,14-10-2024,CUST-167,28,Male,West,Technology,Phones,4,372.44,0.15,1266.3,158.07
ORD-1861,13-02-2023,CUST-414,60,Female,East,Office Supplies,Storage,2,494.72,0.15,841.02,288.66
ORD-1862,07-06-2024,CUST-133,39,Female,West,Furniture,Tables,4,120.64,0.15,410.18,71.31
ORD-1863,22-09-2022,CUST-266,43,Male,Central,Office Supplies,Binders,6,205.05,0.2,984.24,85.6
ORD-1864,19-06-2024,CUST-560,42,Male,South,Office Supplies,Binders,6,155.34,0.3,652.43,28.98
ORD-1865,23-11-2023,CUST-181,20,Female,Central,Furniture,Bookcases,3,357.44,0,1072.32,86.89
ORD-1866,30-05-2024,CUST-580,38,Male,Central,Office Supplies,Binders,9,469.18,0,4222.62,-385.2
ORD-1867,26-12-2022,CUST-563,41,Female,East,Office Supplies,Paper,3,152.73,0.1,412.37,12.23
ORD-1868,06-09-2022,CUST-10,22,Male,West,Furniture,Sofas,3,115.79,0,347.37,120.17
ORD-1869,23-01-2024,CUST-480,41,Female,South,Furniture,Tables,6,161.76,0.15,824.98,25.01
ORD-1870,18-01-2022,CUST-80,29,Female,Central,Furniture,Bookcases,5,191.74,0.15,814.9,12.05
ORD-1871,01-11-2024,CUST-298,34,Male,South,Furniture,Sofas,1,186.66,0,186.66,39.18
ORD-1872,30-06-2023,CUST-390,44,Male,West,Technology,Phones,7,128.36,0,898.52,-21.82
ORD-1873,29-05-2022,CUST-59,40,Female,East,Furniture,Sofas,7,399.49,0.1,2516.79,-141.91
ORD-1874,23-01-2023,CUST-293,39,Female,Central,Technology,Accessories,6,80.57,0.15,410.91,84.16
ORD-1875,13-03-2024,CUST-420,35,Female,South,Office Supplies,Storage,4,396.47,0.2,1268.7,281.99
ORD-1876,26-03-2024,CUST-176,39,Male,West,Office Supplies,Paper,8,94.43,0,755.44,35.84
ORD-1877,23-03-2023,CUST-334,22,Female,West,Furniture,Bookcases,7,304.38,0.1,1917.59,512.09
ORD-1878,15-12-2023,CUST-265,43,Female,East,Office Supplies,Binders,9,326.37,0,2937.33,-249.25
ORD-1879,08-10-2023,CUST-255,27,Female,East,Furniture,Bookcases,2,399.44,0,798.88,244.85
ORD-1880,07-11-2023,CUST-137,58,Female,West,Office Supplies,Art,8,98.73,0.15,671.36,187.07
ORD-1881,25-10-2024,CUST-343,55,Male,Central,Office Supplies,Paper,1,104.56,0,104.56,5.44
ORD-1882,15-10-2023,CUST-94,33,Male,West,Office Supplies,Paper,2,473.16,0.3,662.42,47.45
ORD-1883,26-10-2023,CUST-398,27,Female,East,Furniture,Chairs,5,432.79,0.1,1947.56,457.61
ORD-1884,02-12-2023,CUST-464,46,Female,East,Furniture,Tables,4,470.78,0.1,1694.81,183.34
ORD-1885,21-02-2023,CUST-116,46,Female,South,Office Supplies,Binders,6,21.25,0.1,114.75,21.91
ORD-1886,19-02-2024,CUST-421,35,Female,West,Technology,Copiers,6,177.27,0.2,850.9,95.06
ORD-1887,14-12-2022,CUST-221,52,Male,East,Office Supplies,Paper,6,484.09,0.2,2323.63,236.95
ORD-1888,20-12-2023,CUST-530,44,Female,Central,Office Supplies,Paper,2,292.46,0,584.92,-13.55
ORD-1889,06-01-2023,CUST-192,22,Female,South,Office Supplies,Art,7,427.01,0,2989.07,362.22
ORD-1890,28-06-2022,CUST-304,18,Male,South,Office Supplies,Art,7,384.52,0.3,1884.15,444.31
ORD-1891,14-03-2023,CUST-391,52,Female,West,Technology,Phones,7,293.75,0.1,1850.62,193.42
ORD-1892,07-05-2023,CUST-252,48,Female,South,Office Supplies,Paper,6,264.03,0,1584.18,552.42
ORD-1893,25-07-2024,CUST-454,49,Female,Central,Office Supplies,Storage,3,192.25,0.1,519.08,95.34
ORD-1894,11-11-2023,CUST-228,18,Male,Central,Furniture,Sofas,3,350.5,0,1051.5,307.23
ORD-1895,26-07-2022,CUST-142,38,Female,West,Furniture,Bookcases,5,31.26,0.1,140.67,2.4
ORD-1896,25-03-2023,CUST-419,,Female,Central,Technology,Accessories,2,338.39,0,676.78,143.93
ORD-1897,28-10-2024,CUST-245,38,Female,Central,Technology,Copiers,7,344.37,0.15,2049,286.26
ORD-1898,04-06-2022,CUST-278,24,Female,Central,Office Supplies,Storage,3,12.56,0,37.68,1.01
ORD-1899,25-09-2024,CUST-347,37,Female,East,Office Supplies,Binders,6,247.55,0,1485.3,131.87
ORD-1900,13-12-2023,CUST-382,41,Male,East,Technology,Machines,5,13.93,0.3,48.76,-2.98
ORD-1901,05-11-2023,CUST-307,40,Male,South,Furniture,Sofas,4,216.14,0,864.56,-77.79
ORD-1902,27-08-2024,CUST-341,49,Male,East,Office Supplies,Paper,6,80.92,0.15,412.69,-41.19
ORD-1903,09-08-2024,CUST-99,42,Male,East,Technology,Machines,7,345.58,0,2419.06,32.64
ORD-1904,06-04-2023,CUST-516,39,Female,East,Office Supplies,Binders,3,247.12,0.15,630.16,124.53
ORD-1905,14-11-2024,CUST-554,28,Male,East,Office Supplies,Binders,7,51.98,0,363.86,30.19
ORD-1906,02-02-2023,CUST-232,37,Female,Central,Office Supplies,Binders,4,478.16,0.15,1625.74,321.51
ORD-1907,02-09-2024,CUST-363,42,Female,Central,Office Supplies,Paper,4,402.27,0.2,1287.26,-61.81
ORD-1908,28-09-2022,CUST-43,43,Female,South,Office Supplies,Binders,4,387.16,0.2,1238.91,-28.82
ORD-1909,16-07-2022,CUST-255,48,Female,West,Office Supplies,Paper,5,226.84,0,1134.2,87.25
ORD-1910,30-08-2022,CUST-131,28,Female,Central,Office Supplies,Storage,5,137.67,0,688.35,135.4
ORD-1911,15-07-2023,CUST-259,31,Male,Central,Technology,Copiers,1,237.81,0.2,190.25,46.28
ORD-1912,06-09-2023,CUST-415,25,Male,West,Technology,Machines,4,302.69,0.15,1029.15,-98.9
ORD-1913,24-11-2022,CUST-47,19,Male,West,Technology,Accessories,9,206.97,0.15,1583.32,19.7
ORD-1914,03-10-2023,CUST-546,54,Female,South,Office Supplies,Binders,2,57.52,0,115.04,37.7
ORD-1915,07-04-2024,CUST-128,40,Male,East,Technology,Phones,7,218.09,0.1,1373.97,11.04
ORD-1916,11-09-2023,CUST-132,24,Female,East,Technology,Machines,3,473.78,0.1,1279.21,382.74
ORD-1917,08-04-2022,CUST-395,,Female,East,Office Supplies,Binders,8,222.86,0,1782.88,398.24
ORD-1918,03-12-2024,CUST-35,34,Male,West,Technology,Accessories,2,188.87,0.1,339.97,48.18
ORD-1919,06-07-2022,CUST-87,35,Female,East,Technology,Machines,5,251.5,0.1,1131.75,171.44
ORD-1920,26-01-2022,CUST-147,71,Male,South,Office Supplies,Paper,4,275.22,0,1100.88,-25.69
ORD-1921,29-11-2022,CUST-101,39,Female,Central,Furniture,Sofas,1,171.78,0.1,154.6,6.5
ORD-1922,23-10-2022,CUST-332,45,Female,South,Office Supplies,Binders,1,135.58,0,135.58,18.1
ORD-1923,21-08-2022,CUST-335,41,Male,East,Office Supplies,Art,6,164.87,0,989.22,17.99
ORD-1924,30-12-2022,CUST-165,41,Male,South,Office Supplies,Storage,2,333.74,0.1,600.73,180.28
ORD-1925,28-04-2024,CUST-524,54,Female,South,Technology,Copiers,8,378.06,0,3024.48,226.35
ORD-1926,14-10-2024,CUST-43,38,Female,East,Office Supplies,Binders,8,404.17,0.1,2910.02,988.94
ORD-1927,15-09-2023,CUST-505,18,Male,South,Furniture,Chairs,3,212.29,0.1,573.18,-43.41
ORD-1928,21-11-2022,CUST-54,47,Female,Central,Furniture,Bookcases,3,466.12,0.15,1188.61,281.18
ORD-1929,24-09-2023,CUST-159,32,Female,South,Technology,Copiers,9,211.73,0.15,1619.73,-79.2
ORD-1930,24-10-2023,CUST-566,33,Male,Central,Technology,Accessories,5,397.02,0,1985.1,157.52
ORD-1931,26-10-2024,CUST-447,31,Female,South,Furniture,Sofas,5,172.89,0,864.45,21.92
ORD-1932,26-04-2022,CUST-186,61,Male,Central,Furniture,Sofas,5,331.13,0.1,1490.08,167.32
ORD-1933,09-06-2022,CUST-468,39,Female,West,Technology,Phones,6,315.64,0,1893.84,86.3
ORD-1934,27-02-2022,CUST-14,59,Female,West,Office Supplies,Binders,3,248.87,0,746.61,-25.3
ORD-1935,23-11-2024,CUST-420,43,Male,East,Technology,Copiers,7,203.97,0.2,1142.23,63.76
ORD-1936,20-06-2023,CUST-198,37,Female,East,Office Supplies,Art,6,154.24,0.3,647.81,140.14
ORD-1937,14-06-2024,CUST-103,27,Male,East,Technology,Phones,3,208.3,0.15,531.17,69.15
ORD-1938,08-01-2023,CUST-402,34,Male,West,Office Supplies,Binders,8,460.5,0,3684,582.35
ORD-1939,25-02-2024,CUST-265,47,Male,Central,Furniture,Tables,9,328.04,0,2952.36,403.03
ORD-1940,15-02-2022,CUST-46,41,Female,West,Technology,Accessories,8,111.06,0,888.48,140.76
ORD-1941,10-06-2023,CUST-511,68,Male,West,Office Supplies,Paper,5,211.91,0.1,953.6,183.17
ORD-1942,25-07-2023,CUST-390,18,Female,West,Furniture,Bookcases,1,466.95,0.3,326.86,101.77
ORD-1943,03-04-2024,CUST-521,48,Female,Central,Office Supplies,Storage,4,200.76,0,803.04,226.42
ORD-1944,25-04-2024,CUST-371,40,Female,West,Office Supplies,Art,1,42.17,0.3,29.52,1.9
ORD-1945,10-10-2023,CUST-134,40,Female,West,Office Supplies,Paper,9,78.13,0.1,632.85,-7.55
ORD-1946,05-02-2024,CUST-293,51,Male,Central,Furniture,Sofas,1,259.47,0.2,207.58,20.7
ORD-1947,27-07-2024,CUST-491,70,Female,South,Office Supplies,Binders,1,7.93,0.1,7.14,2.01
ORD-1948,29-07-2023,CUST-463,37,Female,South,Office Supplies,Art,6,306.68,0.1,1656.07,-100.02
ORD-1949,28-04-2023,CUST-525,,Male,Central,Technology,Phones,6,406.01,0,2436.06,-7.78
ORD-1950,19-09-2024,CUST-502,53,Male,South,Furniture,Sofas,7,7.64,0.1,48.13,2.53
ORD-1951,07-09-2022,CUST-150,23,Male,South,Office Supplies,Storage,5,280.62,0.15,1192.64,198.41
ORD-1952,03-08-2023,CUST-392,52,Male,Central,Furniture,Chairs,1,200.02,0,200.02,-4.86
ORD-1953,20-07-2022,CUST-590,56,Female,South,Office Supplies,Storage,9,387.96,0.1,3142.48,551.06
ORD-1954,28-03-2024,CUST-168,36,Female,Central,Technology,Copiers,5,295.91,0,1479.55,-12.32
ORD-1955,05-04-2023,CUST-532,18,Male,East,Furniture,Tables,1,220.84,0.1,198.76,10.59
ORD-1956,10-06-2022,CUST-483,46,Female,West,Furniture,Chairs,6,464.11,0.1,2506.19,493.09
ORD-1957,27-12-2024,CUST-62,56,Female,West,Office Supplies,Storage,4,55.13,0.2,176.42,22.66
ORD-1958,12-12-2023,CUST-246,40,Female,South,Technology,Phones,2,144.35,0,288.7,43.93
ORD-1959,31-01-2023,CUST-172,34,Female,South,Technology,Phones,1,76.92,0,76.92,26.09
ORD-1960,15-11-2024,CUST-462,42,Female,West,Office Supplies,Paper,5,287.8,0.3,1007.3,133.5
ORD-1961,22-03-2022,CUST-53,55,Male,Central,Technology,Machines,5,430.27,0,2151.35,-2.05
ORD-1962,21-04-2023,CUST-371,43,Male,Central,Technology,Machines,8,234.84,0,1878.72,239.09
ORD-1963,17-10-2022,CUST-370,45,Female,South,Office Supplies,Storage,7,27.33,0.3,133.92,29.12
ORD-1964,05-04-2024,CUST-277,38,Female,West,Technology,Machines,5,314.39,0.2,1257.56,328.36
ORD-1965,26-12-2022,CUST-452,34,Male,West,Office Supplies,Art,5,436.69,0,2183.45,-133.6
ORD-1966,09-04-2022,CUST-247,43,Male,East,Technology,Accessories,7,359.5,0,2516.5,78.22
ORD-1967,07-09-2023,CUST-567,35,Female,Central,Technology,Copiers,3,25.7,0.1,69.39,10.63
ORD-1968,10-09-2022,CUST-567,47,Female,South,Technology,Accessories,1,440.72,0.3,308.5,93.12
ORD-1969,09-03-2022,CUST-154,59,Female,East,Technology,Phones,5,346.36,0.15,1472.03,19.91
ORD-1970,16-11-2024,CUST-229,26,Female,East,Office Supplies,Art,2,469.69,0.1,845.44,142.18
ORD-1971,25-09-2024,CUST-559,62,Female,East,Office Supplies,Paper,1,96.75,0.1,87.08,23.36
ORD-1972,15-03-2024,CUST-465,44,Male,West,Office Supplies,Binders,2,454.95,0.1,818.91,201.56
ORD-1973,06-03-2022,CUST-273,38,Female,Central,Office Supplies,Art,5,136.62,0.1,614.79,-53.1
ORD-1974,29-06-2024,CUST-34,34,Female,East,Office Supplies,Storage,3,467.65,0,1402.95,-110.12
ORD-1975,19-09-2023,CUST-522,34,Female,South,Office Supplies,Art,5,158.86,0.3,556.01,152.51
ORD-1976,14-05-2022,CUST-398,47,Male,South,Technology,Accessories,8,370.7,0.3,2075.92,426.28
ORD-1977,05-10-2023,CUST-460,,Male,Central,Technology,Accessories,1,42.66,0.1,38.39,8.03
ORD-1978,04-05-2023,CUST-168,45,Male,West,Furniture,Tables,1,36.84,0.1,33.16,-2.97
ORD-1979,05-05-2023,CUST-11,18,Male,Central,Technology,Copiers,3,199.3,0,597.9,161.57
ORD-1980,01-01-2024,CUST-380,34,Female,Central,Technology,Copiers,9,64.57,0,581.13,139.97
ORD-1981,31-05-2024,CUST-110,44,Female,Central,Furniture,Sofas,6,350.82,0.15,1789.18,217.63
ORD-1982,11-09-2024,CUST-550,47,Female,South,Office Supplies,Paper,8,203.91,0.15,1386.59,408.36
ORD-1983,26-12-2022,CUST-120,33,Female,Central,Furniture,Chairs,6,131.13,0.15,668.76,63.93
ORD-1984,24-12-2023,CUST-568,53,Female,Central,Technology,Copiers,5,478.87,0,2394.35,-2.8
ORD-1985,30-09-2022,CUST-48,49,Female,West,Office Supplies,Art,4,44.5,0.1,160.2,51.95
ORD-1986,17-02-2023,CUST-277,75,Female,East,Technology,Copiers,4,411.05,0.1,1479.78,-0.48
ORD-1987,17-03-2023,CUST-548,48,Female,East,Office Supplies,Paper,5,438.48,0.2,1753.92,569.22
ORD-1988,16-11-2024,CUST-580,52,Male,Central,Technology,Phones,8,36.72,0,293.76,71.83
ORD-1989,30-01-2023,CUST-337,39,Female,Central,Office Supplies,Paper,1,187.08,0.1,168.37,-9.27
ORD-1990,23-06-2023,CUST-582,24,Male,South,Technology,Phones,4,108.78,0.2,348.1,61.72
ORD-1991,26-07-2022,CUST-444,36,Male,East,Technology,Accessories,1,223.39,0.15,189.88,14.04
ORD-1992,29-12-2024,CUST-129,23,Male,South,Technology,Accessories,4,348.47,0.2,1115.1,125.4
ORD-1993,24-05-2022,CUST-156,32,Male,West,Office Supplies,Paper,3,60.63,0,181.89,53.55
ORD-1994,13-08-2024,CUST-60,36,Female,South,Technology,Phones,6,427.9,0.15,2182.29,292.51
ORD-1995,25-12-2024,CUST-104,54,Female,West,Office Supplies,Storage,5,396.72,0.1,1785.24,448.73
ORD-1996,09-10-2022,CUST-519,18,Female,Central,Technology,Copiers,3,207.68,0.2,498.43,16.99
ORD-1997,24-08-2024,CUST-214,54,Male,South,Technology,Machines,5,474.81,0.3,1661.84,9.86
ORD-1998,07-08-2024,CUST-138,44,Male,East,Office Supplies,Paper,1,68.87,0.1,61.98,4.84
ORD-1999,06-11-2022,CUST-269,35,Female,East,Furniture,Tables,9,31.06,0,279.54,10.45
ORD-2000,29-08-2023,CUST-25,21,Male,West,Office Supplies,Art,6,417.89,0,2507.34,-10.34
ORD-2001,26-12-2023,CUST-566,56,Male,East,Technology,Machines,4,415.19,0.2,1328.61,-19.94
ORD-2002,08-12-2022,CUST-279,18,Male,West,Office Supplies,Binders,5,349.74,0,1748.7,-57.88
ORD-2003,30-10-2022,CUST-168,29,Male,South,Technology,Phones,9,283.5,0,2551.5,-81.87
ORD-2004,10-09-2022,CUST-132,42,Female,East,Office Supplies,Art,9,413.47,0,3721.23,1285.98
ORD-2005,05-06-2023,CUST-584,33,Female,West,Office Supplies,Art,3,362.18,0,1086.54,299.76
ORD-2006,13-08-2024,CUST-152,37,Female,Central,Furniture,Chairs,6,298.97,0.1,1614.44,126.51
ORD-2007,14-03-2023,CUST-511,31,Male,South,Furniture,Chairs,7,45.76,0,320.32,30.32
ORD-2008,04-08-2023,CUST-566,67,Male,West,Office Supplies,Storage,6,416.84,0.1,2250.94,366.34
ORD-2009,14-06-2022,CUST-77,31,Male,East,Office Supplies,Art,6,93.83,0,562.98,-46.31
ORD-2010,28-07-2022,CUST-359,20,Female,Central,Furniture,Tables,4,237.37,0.15,807.06,111.57
ORD-2011,12-12-2024,CUST-493,28,Female,South,Technology,Accessories,2,494.49,0.3,692.29,-44.84
ORD-2012,01-08-2024,CUST-480,41,Male,South,Furniture,Bookcases,1,223.22,0.1,200.9,49.93
ORD-2013,07-07-2022,CUST-47,34,Female,Central,Office Supplies,Art,5,77.09,0,385.45,43.02
ORD-2014,03-08-2024,CUST-212,57,Female,Central,Technology,Machines,2,127.99,0.1,230.38,5.48
ORD-2015,23-10-2023,CUST-523,40,Male,West,Furniture,Bookcases,1,222.41,0.2,177.93,21.41
ORD-2016,15-11-2023,CUST-213,44,Male,Central,Furniture,Chairs,6,171.93,0.15,876.84,205.42
ORD-2017,27-01-2022,CUST-262,,Female,South,Furniture,Tables,6,230.23,0.15,1174.17,231.21
ORD-2018,19-05-2024,CUST-290,33,Male,South,Technology,Phones,7,190.87,0.1,1202.48,65.42
ORD-2019,26-04-2024,CUST-45,22,Female,East,Office Supplies,Binders,2,16.19,0,32.38,-1.01
ORD-2020,16-11-2024,CUST-121,20,Male,South,Furniture,Sofas,1,425.88,0.15,362,11.12
ORD-2021,12-06-2022,CUST-64,33,Male,South,Technology,Machines,3,299.7,0.2,719.28,-56.53
ORD-2022,07-03-2022,CUST-344,55,Male,South,Office Supplies,Storage,7,141.4,0.2,791.84,248.02
ORD-2023,19-08-2024,CUST-221,45,Male,East,Office Supplies,Paper,7,191.31,0.15,1138.29,286.94
ORD-2024,17-03-2022,CUST-233,32,Female,Central,Furniture,Bookcases,5,461.29,0,2306.45,705.67
ORD-2025,25-07-2022,CUST-333,21,Male,Central,Office Supplies,Binders,1,354.59,0.15,301.4,31.61
ORD-2026,21-01-2022,CUST-337,18,Male,East,Office Supplies,Paper,4,292.08,0.3,817.82,-56.48
ORD-2027,03-10-2022,CUST-241,41,Male,East,Furniture,Tables,3,228.04,0,684.12,23.34
ORD-2028,26-12-2023,CUST-52,24,Male,East,Furniture,Bookcases,3,450.62,0.1,1216.67,-58.97
ORD-2029,17-10-2024,CUST-530,34,Female,East,Office Supplies,Storage,6,483.09,0.3,2028.98,586.94
ORD-2030,02-10-2023,CUST-300,36,Male,Central,Furniture,Chairs,8,77.67,0.1,559.22,-51.54
ORD-2031,26-11-2022,CUST-538,41,Female,South,Technology,Phones,2,390.64,0,781.28,-20.85
ORD-2032,17-05-2024,CUST-329,59,Male,East,Furniture,Sofas,3,421.8,0,1265.4,351.04
ORD-2033,06-02-2024,CUST-298,33,Male,South,Office Supplies,Paper,8,215.47,0.1,1551.38,206.26
ORD-2034,26-05-2023,CUST-204,58,Female,West,Office Supplies,Paper,9,466.73,0,4200.57,-218.78
ORD-2035,14-09-2022,CUST-119,39,Male,East,Furniture,Tables,1,102.71,0.1,92.44,29.25
ORD-2036,27-11-2022,CUST-147,46,Male,West,Technology,Accessories,8,318.86,0.15,2168.25,745.25
ORD-2037,28-09-2023,CUST-109,32,Male,West,Office Supplies,Paper,5,208.08,0,1040.4,320.13
ORD-2038,04-07-2024,CUST-542,35,Male,East,Furniture,Tables,9,49.16,0,442.44,55.73
ORD-2039,01-01-2022,CUST-152,40,Male,West,Technology,Copiers,9,167.08,0,1503.72,9.95
ORD-2040,05-08-2022,CUST-504,37,Male,South,Furniture,Tables,4,217.45,0,869.8,13.41
ORD-2041,02-10-2023,CUST-228,40,Female,West,Technology,Copiers,5,349.91,0.1,1574.6,168.76
ORD-2042,12-06-2024,CUST-56,71,Female,East,Office Supplies,Binders,6,103.21,0.1,557.33,142.81
ORD-2043,01-06-2023,CUST-86,19,Male,East,Furniture,Sofas,6,63.83,0,382.98,115.09
ORD-2044,20-02-2022,CUST-591,60,Female,Central,Furniture,Sofas,4,412.56,0.15,1402.7,358.37
ORD-2045,01-04-2023,CUST-244,42,Male,West,Office Supplies,Paper,7,81.7,0.2,457.52,61.64
ORD-2046,04-05-2023,CUST-83,33,Female,East,Technology,Machines,5,216.77,0,1083.85,335.84
ORD-2047,07-12-2023,CUST-465,29,Female,West,Office Supplies,Paper,7,33.79,0,236.53,53.05
ORD-2048,01-10-2023,CUST-87,41,Male,South,Technology,Accessories,6,468.39,0,2810.34,570.57
ORD-2049,30-11-2022,CUST-540,41,Female,East,Furniture,Sofas,8,406.87,0.15,2766.72,631.71
ORD-2050,29-10-2024,CUST-273,53,Female,South,Technology,Phones,3,208.57,0.3,438,23.91
ORD-2051,05-09-2024,CUST-15,62,Female,Central,Furniture,Sofas,9,79.17,0,712.53,232.66
ORD-2052,24-07-2022,CUST-1,45,Female,Central,Office Supplies,Art,5,15.14,0.1,68.13,12.71
ORD-2053,10-06-2022,CUST-30,22,Male,West,Technology,Machines,7,117.59,0,823.13,30.11
ORD-2054,28-11-2024,CUST-386,27,Female,South,Office Supplies,Art,1,103.46,0,103.46,28.62
ORD-2055,06-12-2024,CUST-297,37,Female,East,Office Supplies,Paper,4,399.59,0.1,1438.52,62.3
ORD-2056,04-12-2022,CUST-317,56,Female,Central,Furniture,Chairs,1,386.12,0.2,308.9,-30.86
ORD-2057,16-03-2022,CUST-162,30,Female,Central,Office Supplies,Paper,2,466.58,0.15,793.19,221.56
ORD-2058,13-06-2024,CUST-416,47,Female,South,Technology,Machines,7,66.5,0.1,418.95,83.5
ORD-2059,17-08-2024,CUST-14,39,Male,West,Office Supplies,Storage,7,227.94,0,1595.58,178.7
ORD-2060,04-04-2024,CUST-580,44,Male,South,Technology,Accessories,5,128.87,0.15,547.7,128.27
ORD-2061,11-11-2024,CUST-120,37,Male,Central,Technology,Machines,4,300.97,0.1,1083.49,-92.67
ORD-2062,02-09-2022,CUST-511,41,Male,West,Furniture,Tables,5,483.2,0.1,2174.4,515.67
ORD-2063,17-12-2023,CUST-220,47,Female,East,Technology,Phones,6,138.77,0.1,749.36,254.04
ORD-2064,01-09-2023,CUST-328,35,Female,Central,Furniture,Chairs,4,283.54,0,1134.16,357.12
ORD-2065,19-07-2022,CUST-179,33,Male,South,Office Supplies,Paper,3,17.6,0.1,47.52,14.34
ORD-2066,03-10-2022,CUST-306,60,Male,East,Technology,Phones,8,72.77,0,582.16,-9.04
ORD-2067,27-12-2023,CUST-165,43,Male,East,Furniture,Bookcases,4,377.32,0.1,1358.35,410.66
ORD-2068,14-01-2022,CUST-234,32,Male,West,Furniture,Tables,4,491.56,0,1966.24,-17.31
ORD-2069,01-09-2024,CUST-274,38,Female,East,Furniture,Sofas,8,251.03,0,2008.24,352.53
ORD-2070,10-04-2023,CUST-484,21,Male,East,Furniture,Tables,8,159.68,0,1277.44,152.1
ORD-2071,19-06-2023,CUST-495,33,Female,West,Furniture,Sofas,2,246.95,0.1,444.51,-2.19
ORD-2072,12-07-2023,CUST-454,23,Male,West,Office Supplies,Binders,1,280.25,0,280.25,-24.97
ORD-2073,16-11-2024,CUST-525,48,Male,Central,Technology,Phones,2,128.44,0.2,205.5,45.9
ORD-2074,25-02-2022,CUST-260,38,Male,South,Furniture,Tables,6,324.75,0.1,1753.65,-16.93
ORD-2075,25-03-2022,CUST-172,28,Female,Central,Office Supplies,Art,8,37.27,0,298.16,8.82
ORD-2076,13-08-2023,CUST-52,36,Female,South,Office Supplies,Art,2,262.04,0.2,419.26,31.91
ORD-2077,14-04-2023,CUST-466,45,Female,East,Office Supplies,Art,6,119.74,0.3,502.91,138.43
ORD-2078,14-01-2023,CUST-457,18,Female,South,Office Supplies,Art,8,67.18,0.1,483.7,26.63
ORD-2079,13-03-2023,CUST-39,38,Female,Central,Office Supplies,Paper,2,346.37,0.1,623.47,61
ORD-2080,15-05-2022,CUST-146,39,Male,East,Office Supplies,Binders,6,321.82,0.1,1737.83,490.26
ORD-2081,24-01-2024,CUST-155,40,Male,East,Furniture,Chairs,8,47.45,0.1,341.64,80.16
ORD-2082,08-09-2023,CUST-253,50,Male,South,Furniture,Bookcases,4,426.3,0.1,1534.68,510.88
ORD-2083,15-07-2023,CUST-157,56,Female,Central,Office Supplies,Storage,6,342.06,0.2,1641.89,494
ORD-2084,10-06-2022,CUST-108,34,Male,Central,Office Supplies,Binders,2,149.33,0,298.66,2.16
ORD-2085,20-10-2022,CUST-83,66,Male,South,Office Supplies,Binders,8,430.95,0.1,3102.84,806.15
ORD-2086,06-03-2022,CUST-159,18,Female,East,Office Supplies,Art,9,140.91,0.1,1141.37,-4.22
ORD-2087,04-06-2022,CUST-362,36,Male,South,Furniture,Tables,9,14.85,0.15,113.6,1.57
ORD-2088,21-01-2023,CUST-45,42,Male,South,Technology,Phones,7,296,0.1,1864.8,546.43
ORD-2089,28-05-2022,CUST-220,33,Female,West,Technology,Accessories,3,477.41,0.3,1002.56,-75.89
ORD-2090,18-03-2023,CUST-240,41,Female,South,Office Supplies,Storage,5,250.9,0,1254.5,204.38
ORD-2091,26-11-2023,CUST-23,33,Female,East,Office Supplies,Storage,1,375.67,0.15,319.32,110.53
ORD-2092,06-11-2022,CUST-36,37,Male,Central,Technology,Accessories,7,263.57,0,1844.99,78.35
ORD-2093,10-02-2023,CUST-454,64,Male,West,Office Supplies,Art,6,423.59,0.3,1779.08,479.07
ORD-2094,04-12-2022,CUST-108,43,Female,South,Furniture,Chairs,3,121.67,0.3,255.51,10.03
ORD-2095,12-11-2024,CUST-444,61,Female,West,Furniture,Chairs,6,401.25,0,2407.5,216.95
ORD-2096,12-07-2022,CUST-111,30,Female,Central,Furniture,Tables,9,248.22,0.2,1787.18,393.95
ORD-2097,19-02-2022,CUST-297,41,Female,West,Furniture,Chairs,6,391.36,0,2348.16,190.44
ORD-2098,11-04-2024,CUST-55,18,Female,East,Furniture,Tables,1,220.13,0.1,198.12,62.87
ORD-2099,23-05-2023,CUST-478,75,Female,West,Office Supplies,Paper,9,40.81,0.15,312.2,21.74
ORD-2100,03-05-2023,CUST-92,55,Female,East,Office Supplies,Storage,1,6.06,0,6.06,1.63
ORD-2101,12-11-2023,CUST-115,20,Female,West,Technology,Accessories,3,297.8,0.1,804.06,-61.22
ORD-2102,20-10-2024,CUST-584,41,Female,East,Technology,Phones,6,431.73,0.2,2072.3,-26.18
ORD-2103,09-08-2023,CUST-550,51,Female,South,Technology,Accessories,3,255.14,0.1,688.88,86.93
ORD-2104,18-07-2024,CUST-193,44,Female,East,Office Supplies,Art,2,138.29,0.1,248.92,43.46
ORD-2105,25-11-2024,CUST-359,34,Female,Central,Office Supplies,Art,2,194.48,0,388.96,73.61
ORD-2106,27-11-2024,CUST-162,,Female,East,Office Supplies,Art,4,374.63,0.2,1198.82,83.17
ORD-2107,27-02-2023,CUST-354,36,Female,West,Office Supplies,Art,4,175.49,0.15,596.67,144.28
ORD-2108,24-08-2024,CUST-413,37,Male,West,Furniture,Tables,9,340.16,0.1,2755.3,956.63
ORD-2109,11-10-2023,CUST-439,,Female,Central,Office Supplies,Binders,5,265,0.3,927.5,287.67
ORD-2110,04-11-2023,CUST-310,45,Female,Central,Technology,Copiers,7,30.78,0.1,193.91,34.98
ORD-2111,05-06-2022,CUST-69,50,Male,Central,Office Supplies,Binders,3,246.19,0,738.57,9.73
ORD-2112,05-07-2022,CUST-506,33,Female,Central,Furniture,Bookcases,8,468.87,0.1,3375.86,151.34
ORD-2113,06-10-2022,CUST-329,35,Male,South,Office Supplies,Binders,1,111.53,0,111.53,15.54
ORD-2114,02-10-2024,CUST-167,34,Male,East,Office Supplies,Binders,7,321.58,0,2251.06,31.33
ORD-2115,09-01-2022,CUST-550,45,Female,Central,Office Supplies,Binders,6,371.2,0.15,1893.12,265.77
ORD-2116,19-11-2024,CUST-112,53,Female,South,Furniture,Chairs,2,433.05,0.1,779.49,172.53
ORD-2117,17-03-2023,CUST-468,42,Female,East,Technology,Phones,7,242.13,0,1694.91,297.66
ORD-2118,10-02-2024,CUST-219,18,Female,Central,Office Supplies,Paper,5,433.39,0,2166.95,-61.37
ORD-2119,27-01-2022,CUST-351,24,Female,Central,Office Supplies,Art,2,14.91,0.1,26.84,1.36
ORD-2120,08-09-2024,CUST-142,41,Female,West,Furniture,Tables,9,354.03,0.2,2549.02,243
ORD-2121,16-05-2022,CUST-48,48,Female,South,Office Supplies,Paper,4,453.45,0.3,1269.66,430.94
ORD-2122,12-03-2022,CUST-380,33,Female,Central,Office Supplies,Storage,8,238.78,0.1,1719.22,237.94
ORD-2123,19-09-2022,CUST-443,37,Female,East,Technology,Accessories,4,314.79,0.1,1133.24,16.22
ORD-2124,24-07-2023,CUST-43,25,Female,West,Office Supplies,Paper,4,284.08,0,1136.32,371.55
ORD-2125,13-07-2023,CUST-92,25,Male,East,Office Supplies,Paper,7,270.59,0.15,1610.01,-59.52
ORD-2126,17-11-2024,CUST-512,35,Male,West,Office Supplies,Art,4,456.06,0.3,1276.97,158.23
ORD-2127,30-07-2023,CUST-258,40,Female,East,Technology,Accessories,2,291.66,0.1,524.99,43.22
ORD-2128,15-04-2022,CUST-144,51,Female,East,Office Supplies,Art,6,378.77,0.15,1931.73,37.66
ORD-2129,29-02-2024,CUST-167,42,Male,West,Office Supplies,Paper,9,237.79,0.1,1926.1,659.96
ORD-2130,06-09-2022,CUST-346,,Male,West,Technology,Machines,7,250.88,0.1,1580.54,-29.45
ORD-2131,02-09-2022,CUST-118,43,Female,South,Technology,Phones,2,357.5,0.1,643.5,124.3
ORD-2132,28-08-2022,CUST-454,43,Male,South,Technology,Machines,9,111.44,0,1002.96,-18.38
ORD-2133,27-06-2024,CUST-429,51,Female,West,Office Supplies,Storage,7,75.82,0.3,371.52,-19.76
ORD-2134,07-04-2024,CUST-412,42,Female,South,Technology,Copiers,6,24.12,0,144.72,0.16
ORD-2135,19-04-2023,CUST-69,42,Female,West,Furniture,Sofas,4,224.32,0,897.28,306.8
ORD-2136,02-08-2024,CUST-82,31,Male,South,Technology,Accessories,8,331.39,0,2651.12,629.35
ORD-2137,10-09-2023,CUST-552,24,Female,Central,Office Supplies,Binders,4,444.47,0.15,1511.2,117.24
ORD-2138,06-08-2023,CUST-564,44,Male,South,Office Supplies,Binders,9,17.38,0.1,140.78,-4.87
ORD-2139,13-01-2022,CUST-198,44,Female,Central,Furniture,Chairs,4,27.02,0.15,91.87,-5.92
ORD-2140,18-06-2022,CUST-437,63,Male,East,Technology,Machines,5,12.61,0.1,56.74,9.8
ORD-2141,19-07-2023,CUST-380,49,Female,South,Office Supplies,Storage,5,356.4,0,1782,148.86
ORD-2142,03-07-2023,CUST-350,58,Male,South,Office Supplies,Binders,9,474.41,0,4269.69,1493.69
ORD-2143,23-05-2022,CUST-9,39,Female,East,Office Supplies,Storage,4,398.11,0,1592.44,528.01
ORD-2144,15-04-2023,CUST-203,32,Male,South,Technology,Phones,9,9.36,0.15,71.6,3.94
ORD-2145,14-11-2022,CUST-70,53,Female,East,Office Supplies,Paper,6,177.61,0.15,905.81,-51.06
ORD-2146,10-05-2023,CUST-506,44,Female,East,Office Supplies,Storage,7,330.65,0,2314.55,-58.56
ORD-2147,21-07-2024,CUST-192,18,Male,South,Office Supplies,Storage,6,474.69,0.1,2563.33,-76.5
ORD-2148,31-05-2023,CUST-301,41,Male,Central,Office Supplies,Paper,2,206.96,0,413.92,110.72
ORD-2149,03-02-2023,CUST-263,65,Male,Central,Technology,Phones,3,481.03,0.1,1298.78,335.73
ORD-2150,12-03-2023,CUST-135,31,Female,South,Technology,Phones,8,428.03,0.1,3081.82,896.45
ORD-2151,24-01-2023,CUST-36,35,Female,South,Technology,Accessories,8,227.4,0,1819.2,-96.26
ORD-2152,05-11-2023,CUST-208,18,Female,West,Technology,Copiers,8,173.07,0,1384.56,177.12
ORD-2153,20-09-2024,CUST-493,45,Female,West,Technology,Machines,5,155.53,0.1,699.88,101.27
ORD-2154,05-08-2024,CUST-446,38,Female,East,Office Supplies,Binders,6,302.1,0.1,1631.34,346.73
ORD-2155,07-06-2022,CUST-330,37,Male,East,Office Supplies,Binders,2,418.05,0,836.1,146.73
ORD-2156,30-12-2024,CUST-297,39,Female,East,Furniture,Bookcases,9,401.18,0.15,3069.03,436.38
ORD-2157,27-04-2022,CUST-281,57,Female,South,Office Supplies,Art,5,81.04,0,405.2,38.54
ORD-2158,06-06-2023,CUST-370,39,Female,East,Technology,Accessories,7,45.34,0.1,285.64,31.22
ORD-2159,07-04-2022,CUST-424,36,Male,South,Technology,Accessories,6,118.89,0,713.34,-61.06
ORD-2160,03-04-2022,CUST-521,38,Male,West,Technology,Copiers,7,32.76,0.1,206.39,59.08
ORD-2161,27-11-2022,CUST-235,39,Female,Central,Office Supplies,Paper,1,474.84,0.2,379.87,22.12
ORD-2162,15-08-2024,CUST-243,54,Female,West,Technology,Copiers,9,97.64,0,878.76,286.15
ORD-2163,01-10-2023,CUST-534,36,Male,East,Technology,Accessories,2,290.57,0.15,493.97,-6.14
ORD-2164,24-02-2023,CUST-573,27,Female,East,Office Supplies,Binders,8,447.44,0.2,2863.62,122.09
ORD-2165,03-07-2022,CUST-8,50,Female,East,Office Supplies,Storage,4,69.71,0.1,250.96,3.56
ORD-2166,14-02-2024,CUST-490,55,Female,East,Technology,Copiers,8,463.72,0.15,3153.3,49.6
ORD-2167,02-11-2023,CUST-349,,Female,West,Office Supplies,Storage,7,439.07,0.15,2612.47,158.43
ORD-2168,26-04-2024,CUST-50,38,Male,Central,Technology,Phones,7,438.11,0.3,2146.74,432.97
ORD-2169,07-01-2023,CUST-57,48,Male,Central,Furniture,Sofas,1,244.81,0.1,220.33,34.13
ORD-2170,27-05-2022,CUST-166,22,Female,South,Furniture,Bookcases,1,6.22,0.1,5.6,1.28
ORD-2171,27-05-2023,CUST-335,47,Male,East,Office Supplies,Art,8,471.49,0.1,3394.73,135.87
ORD-2172,18-12-2022,CUST-34,18,Female,East,Furniture,Chairs,1,433.59,0,433.59,72.83
ORD-2173,06-08-2023,CUST-498,22,Male,West,Technology,Machines,1,139.62,0.15,118.68,-9.28
ORD-2174,18-05-2023,CUST-339,56,Female,South,Furniture,Chairs,6,116.11,0.1,626.99,38.13
ORD-2175,13-09-2024,CUST-36,36,Male,West,Office Supplies,Paper,3,168.12,0,504.36,89.84
ORD-2176,20-09-2024,CUST-500,35,Male,South,Office Supplies,Storage,3,227.94,0.1,615.44,202.33
ORD-2177,29-07-2023,CUST-518,18,Male,Central,Office Supplies,Binders,4,139.91,0.2,447.71,109.68
ORD-2178,02-08-2023,CUST-140,53,Male,East,Office Supplies,Binders,3,16.94,0.2,40.66,5.44
ORD-2179,26-10-2023,CUST-307,38,Female,East,Office Supplies,Binders,9,266.76,0.15,2040.71,199.35
ORD-2180,21-01-2022,CUST-259,44,Female,Central,Office Supplies,Storage,5,418.59,0,2092.95,212.59
ORD-2181,06-01-2022,CUST-87,46,Female,West,Technology,Accessories,4,226.26,0,905.04,178.56
ORD-2182,14-09-2024,CUST-287,37,Male,West,Technology,Machines,1,106.21,0,106.21,19.01
ORD-2183,26-10-2022,CUST-301,37,Male,East,Technology,Phones,2,123.6,0.1,222.48,-4.38
ORD-2184,04-05-2024,CUST-344,29,Male,East,Technology,Copiers,3,382.09,0,1146.27,160.8
ORD-2185,30-10-2024,CUST-334,39,Male,Central,Furniture,Sofas,4,189.3,0,757.2,17.54
ORD-2186,29-04-2023,CUST-55,42,Female,West,Technology,Phones,5,286.69,0,1433.45,66.83
ORD-2187,22-03-2023,CUST-203,21,Female,East,Office Supplies,Paper,4,312.71,0,1250.84,24.18
ORD-2188,18-11-2023,CUST-440,44,Male,West,Technology,Copiers,2,117.44,0,234.88,40.61
ORD-2189,16-02-2023,CUST-365,42,Male,South,Furniture,Bookcases,6,75.07,0.15,382.86,75.62
ORD-2190,25-06-2022,CUST-156,29,Male,West,Furniture,Chairs,5,216.57,0.3,757.99,21.73
ORD-2191,07-02-2023,CUST-541,38,Male,East,Office Supplies,Paper,6,137.2,0.1,740.88,191.29
ORD-2192,03-11-2022,CUST-540,28,Male,East,Office Supplies,Storage,5,266.91,0.2,1067.64,115.44
ORD-2193,13-09-2024,CUST-305,30,Female,West,Office Supplies,Art,6,239.81,0,1438.86,89.92
ORD-2194,02-09-2022,CUST-581,39,Male,South,Technology,Phones,1,451.36,0,451.36,148.32
ORD-2195,02-10-2022,CUST-438,36,Male,West,Furniture,Sofas,7,129.19,0.1,813.9,-5.19
ORD-2196,27-08-2022,CUST-242,48,Male,Central,Technology,Machines,7,61.31,0,429.17,15.03
ORD-2197,29-10-2022,CUST-50,21,Female,Central,Office Supplies,Storage,4,446.84,0.1,1608.62,0.05
ORD-2198,01-06-2024,CUST-137,34,Male,East,Office Supplies,Paper,6,452.8,0.1,2445.12,1.89
ORD-2199,24-12-2024,CUST-192,47,Female,Central,Furniture,Chairs,2,219.26,0,438.52,64.38
ORD-2200,14-09-2024,CUST-53,46,Female,Central,Office Supplies,Binders,5,402.21,0.15,1709.39,57.77
ORD-2201,13-04-2024,CUST-34,48,Male,West,Office Supplies,Art,1,291.64,0,291.64,-23.04
ORD-2202,10-02-2024,CUST-18,30,Female,West,Office Supplies,Storage,1,419.28,0,419.28,115.43
ORD-2203,17-02-2024,CUST-283,46,Male,East,Technology,Machines,8,257.46,0.15,1750.73,455.81
ORD-2204,29-10-2024,CUST-444,38,Male,South,Technology,Accessories,5,300.34,0.15,1276.44,-21.23
ORD-2205,15-07-2024,CUST-235,45,Female,South,Furniture,Bookcases,7,376.82,0.1,2373.97,584.31
ORD-2206,07-02-2022,CUST-154,,Female,West,Office Supplies,Storage,1,281.16,0,281.16,-10.52
ORD-2207,18-02-2022,CUST-273,23,Female,Central,Furniture,Sofas,3,236.15,0,708.45,-7.29
ORD-2208,18-08-2023,CUST-458,44,Female,Central,Office Supplies,Paper,5,178.14,0,890.7,150.67
ORD-2209,18-10-2024,CUST-381,39,Male,South,Office Supplies,Binders,6,318.89,0,1913.34,439.8
ORD-2210,22-10-2022,CUST-329,44,Male,West,Office Supplies,Binders,8,215.16,0.2,1377.02,-104.64
ORD-2211,10-01-2022,CUST-263,52,Male,South,Office Supplies,Art,4,54.25,0.2,173.6,35.41
ORD-2212,16-09-2022,CUST-452,34,Male,East,Office Supplies,Storage,5,133.76,0.3,468.16,64.86
ORD-2213,28-12-2023,CUST-432,52,Male,West,Office Supplies,Binders,2,481.66,0.1,866.99,259.32
ORD-2214,01-01-2024,CUST-79,55,Male,Central,Technology,Phones,6,274.78,0,1648.68,164.48
ORD-2215,21-04-2024,CUST-540,39,Female,South,Technology,Phones,7,17.36,0,121.52,41.76
ORD-2216,18-03-2022,CUST-333,55,Male,East,Office Supplies,Paper,1,122.66,0,122.66,22.35
ORD-2217,08-10-2023,CUST-372,25,Male,West,Office Supplies,Art,4,111.66,0.3,312.65,29.67
ORD-2218,05-06-2022,CUST-132,37,Female,Central,Office Supplies,Binders,6,289.67,0,1738.02,152.97
ORD-2219,10-08-2022,CUST-112,38,Female,East,Office Supplies,Art,4,243.86,0.3,682.81,21.96
ORD-2220,28-11-2022,CUST-36,48,Female,Central,Furniture,Chairs,3,202.31,0,606.93,212.24
ORD-2221,21-11-2024,CUST-2,35,Male,Central,Technology,Accessories,6,84.39,0,506.34,25.75
ORD-2222,07-10-2024,CUST-31,59,Female,South,Technology,Machines,4,91.18,0,364.72,95.47
ORD-2223,23-12-2023,CUST-532,31,Male,South,Furniture,Chairs,8,129.96,0.1,935.71,312.27
ORD-2224,23-11-2024,CUST-327,59,Female,East,Furniture,Chairs,3,426.46,0.3,895.57,114.51
ORD-2225,01-11-2024,CUST-282,48,Female,West,Technology,Machines,1,154.29,0.1,138.86,-11.2
ORD-2226,27-02-2023,CUST-72,53,Male,South,Technology,Copiers,9,407.06,0.15,3114.01,539.08
ORD-2227,15-04-2022,CUST-42,42,Male,East,Office Supplies,Binders,3,65.81,0,197.43,-15.61
ORD-2228,06-12-2024,CUST-413,35,Female,Central,Furniture,Sofas,5,405.15,0.1,1823.18,411.85
ORD-2229,09-01-2023,CUST-163,38,Male,East,Technology,Copiers,3,58.94,0,176.82,53.5
ORD-2230,11-12-2024,CUST-516,37,Male,South,Office Supplies,Storage,4,265.15,0.1,954.54,317.54
ORD-2231,30-01-2022,CUST-162,18,Male,Central,Office Supplies,Paper,6,329.83,0,1978.98,547.02
ORD-2232,29-10-2023,CUST-217,49,Female,West,Technology,Copiers,9,178.96,0,1610.64,-136.86
ORD-2233,27-02-2023,CUST-537,37,Female,East,Office Supplies,Paper,6,23.56,0.3,98.95,-3.68
ORD-2234,30-08-2024,CUST-248,20,Female,Central,Furniture,Bookcases,7,142.14,0.1,895.48,91.8
ORD-2235,16-01-2023,CUST-118,47,Female,South,Technology,Phones,9,313.69,0.1,2540.89,204.02
ORD-2236,15-03-2022,CUST-79,34,Female,East,Office Supplies,Storage,7,179.45,0.1,1130.53,-104.64
ORD-2237,16-07-2023,CUST-314,53,Female,Central,Technology,Phones,1,499.38,0,499.38,17.21
ORD-2238,15-01-2023,CUST-14,35,Male,South,Technology,Phones,6,289.26,0.2,1388.45,291.09
ORD-2239,15-05-2024,CUST-84,33,Male,West,Furniture,Bookcases,8,113.04,0,904.32,5.93
ORD-2240,24-12-2022,CUST-532,33,Female,West,Office Supplies,Storage,9,53.57,0.1,433.92,99.93
ORD-2241,18-11-2024,CUST-113,30,Female,Central,Office Supplies,Storage,3,463.95,0.3,974.29,-58.02
ORD-2242,11-05-2024,CUST-156,30,Male,East,Technology,Accessories,2,194.15,0.1,349.47,-23.97
ORD-2243,18-12-2023,CUST-506,32,Male,South,Office Supplies,Art,1,327.77,0,327.77,43.72
ORD-2244,19-08-2023,CUST-162,33,Female,Central,Technology,Machines,4,286.87,0.1,1032.73,-13.8
ORD-2245,30-06-2022,CUST-413,44,Female,South,Office Supplies,Storage,5,240.24,0.1,1081.08,236.61
ORD-2246,05-02-2024,CUST-388,44,Female,East,Technology,Phones,3,297.87,0,893.61,310.52
ORD-2247,31-03-2023,CUST-393,47,Female,West,Technology,Phones,9,256.41,0.2,1846.15,512.5
ORD-2248,28-01-2024,CUST-363,47,Female,East,Office Supplies,Storage,3,321.52,0.1,868.1,171.86
ORD-2249,25-10-2022,CUST-176,43,Male,South,Furniture,Bookcases,2,114.5,0.3,160.3,6.04
ORD-2250,12-11-2024,CUST-176,43,Female,South,Furniture,Tables,9,487.77,0.15,3731.44,822.73
ORD-2251,25-11-2022,CUST-523,34,Male,East,Office Supplies,Art,1,7.8,0.3,5.46,-0.1
ORD-2252,11-06-2024,CUST-541,48,Female,Central,Office Supplies,Paper,4,391.2,0,1564.8,39.15
ORD-2253,29-04-2023,CUST-264,43,Male,South,Technology,Phones,3,57.14,0.3,119.99,38.8
ORD-2254,28-02-2023,CUST-87,42,Female,South,Technology,Phones,9,114.69,0.15,877.38,34.48
ORD-2255,14-06-2022,CUST-402,47,Female,West,Furniture,Chairs,8,468.3,0,3746.4,-303.58
ORD-2256,18-04-2024,CUST-335,42,Male,West,Technology,Machines,7,318.85,0.2,1785.56,31.26
ORD-2257,29-07-2023,CUST-392,30,Male,Central,Office Supplies,Art,8,314.9,0,2519.2,847.59
ORD-2258,02-01-2023,CUST-257,54,Female,East,Office Supplies,Art,4,283.92,0,1135.68,158.3
ORD-2259,01-02-2022,CUST-542,33,Female,East,Furniture,Tables,8,69.45,0,555.6,-50.35
ORD-2260,08-03-2022,CUST-186,62,Male,South,Technology,Copiers,1,169.29,0.1,152.36,41.37
ORD-2261,22-05-2023,CUST-475,27,Female,West,Office Supplies,Art,9,59.99,0,539.91,18.38
ORD-2262,05-12-2023,CUST-295,31,Female,Central,Office Supplies,Storage,9,252.11,0,2268.99,75.14
ORD-2263,11-08-2023,CUST-75,44,Female,East,Technology,Machines,4,241.55,0.1,869.58,-82.64
ORD-2264,21-12-2024,CUST-87,47,Male,West,Furniture,Sofas,2,494.65,0.2,791.44,276.21
ORD-2265,10-08-2022,CUST-217,34,Female,Central,Office Supplies,Paper,1,165.15,0.2,132.12,22.08
ORD-2266,03-06-2023,CUST-481,29,Female,Central,Office Supplies,Art,5,397.15,0.1,1787.18,-103.58
ORD-2267,21-02-2022,CUST-470,39,Female,South,Office Supplies,Paper,4,414,0,1656,37.43
ORD-2268,03-03-2023,CUST-460,43,Male,West,Technology,Phones,3,422.96,0.2,1015.1,48.89
ORD-2269,29-10-2023,CUST-108,33,Female,Central,Technology,Phones,7,296.61,0.2,1661.02,426.69
ORD-2270,15-07-2023,CUST-84,37,Female,West,Furniture,Chairs,1,341.2,0.2,272.96,18.5
ORD-2271,13-03-2022,CUST-7,54,Male,West,Office Supplies,Binders,4,288.57,0.1,1038.85,96.71
ORD-2272,25-06-2024,CUST-156,35,Female,West,Furniture,Bookcases,2,23.7,0.3,33.18,-3.25
ORD-2273,19-06-2024,CUST-482,48,Male,West,Office Supplies,Storage,1,387.97,0.1,349.17,110.89
ORD-2274,07-10-2024,CUST-107,46,Female,Central,Office Supplies,Storage,1,167.92,0.2,134.34,37.81
ORD-2275,02-02-2023,CUST-203,25,Male,South,Technology,Accessories,6,203.11,0.1,1096.79,312.27
ORD-2276,23-05-2023,CUST-527,18,Male,South,Office Supplies,Paper,2,284.76,0.1,512.57,20.08
ORD-2277,08-03-2023,CUST-39,40,Female,East,Furniture,Tables,3,377.46,0,1132.38,-12.96
ORD-2278,25-07-2022,CUST-138,26,Male,Central,Technology,Machines,3,307.15,0.15,783.23,271.8
ORD-2279,02-04-2024,CUST-419,48,Female,East,Technology,Accessories,1,117.02,0,117.02,18.57
ORD-2280,20-02-2022,CUST-435,35,Female,East,Office Supplies,Binders,1,217.03,0,217.03,73.74
ORD-2281,25-09-2022,CUST-490,49,Female,West,Office Supplies,Storage,4,98.73,0.1,355.43,-31.71
ORD-2282,03-08-2024,CUST-234,63,Female,East,Office Supplies,Binders,8,41.79,0,334.32,60.96
ORD-2283,16-07-2022,CUST-530,54,Female,East,Technology,Accessories,9,173.25,0.2,1247.4,-96.79
ORD-2284,16-10-2023,CUST-566,37,Female,East,Office Supplies,Binders,8,218.47,0.15,1485.6,44.83
ORD-2285,20-09-2022,CUST-123,53,Male,West,Technology,Machines,6,497.83,0,2986.98,337.13
ORD-2286,02-06-2023,CUST-56,37,Male,Central,Technology,Machines,5,299.51,0.3,1048.28,49.68
ORD-2287,03-08-2023,CUST-156,44,Male,Central,Technology,Accessories,9,140.72,0,1266.48,-61.65
ORD-2288,26-12-2024,CUST-320,38,Male,East,Office Supplies,Binders,9,302.68,0.3,1906.88,384.4
ORD-2289,05-08-2023,CUST-520,24,Female,Central,Furniture,Chairs,1,214.55,0.3,150.18,-10.09
ORD-2290,13-07-2022,CUST-61,47,Female,South,Office Supplies,Storage,7,392.41,0.2,2197.5,357.49
ORD-2291,13-05-2022,CUST-510,38,Female,Central,Office Supplies,Art,4,278.93,0,1115.72,71.71
ORD-2292,19-04-2023,CUST-437,54,Female,Central,Office Supplies,Binders,3,199.02,0.1,537.35,142.03
ORD-2293,26-12-2024,CUST-133,,Male,Central,Office Supplies,Binders,3,462.29,0.1,1248.18,336.2
ORD-2294,08-10-2023,CUST-5,49,Male,South,Office Supplies,Paper,1,31.4,0.3,21.98,6.23
ORD-2295,04-05-2024,CUST-515,39,Male,Central,Technology,Copiers,9,292.76,0,2634.84,12.3
ORD-2296,14-03-2022,CUST-184,28,Female,West,Office Supplies,Art,2,7.46,0.15,12.68,1.87
ORD-2297,03-01-2023,CUST-473,34,Male,South,Technology,Machines,8,235.98,0,1887.84,533.49
ORD-2298,14-03-2023,CUST-74,36,Female,South,Furniture,Chairs,9,239.18,0.3,1506.83,372.66
ORD-2299,03-03-2024,CUST-385,48,Male,Central,Technology,Copiers,9,49.84,0,448.56,-38.16
ORD-2300,04-04-2024,CUST-366,45,Female,West,Furniture,Bookcases,3,390.38,0.15,995.47,140.15
ORD-2301,04-03-2023,CUST-93,55,Male,South,Technology,Machines,9,490.95,0.1,3976.7,968.43
ORD-2302,30-10-2024,CUST-107,43,Male,South,Office Supplies,Binders,2,396.69,0.1,714.04,111.69
ORD-2303,12-03-2022,CUST-419,,Female,Central,Furniture,Tables,8,310.88,0.3,1740.93,332.33
ORD-2304,14-09-2024,CUST-202,26,Male,Central,Furniture,Tables,7,110.88,0.1,698.54,175.39
ORD-2305,16-01-2024,CUST-332,21,Male,Central,Office Supplies,Binders,3,491.03,0.15,1252.13,154.33
ORD-2306,13-12-2022,CUST-542,49,Female,Central,Office Supplies,Art,6,455.65,0,2733.9,348.03
ORD-2307,20-03-2022,CUST-537,57,Male,West,Office Supplies,Art,5,212.73,0,1063.65,-102.39
ORD-2308,05-10-2022,CUST-343,60,Female,East,Technology,Phones,8,322.52,0,2580.16,58.49
ORD-2309,14-12-2022,CUST-24,48,Male,East,Furniture,Bookcases,1,98.23,0.1,88.41,22.72
ORD-2310,10-06-2022,CUST-42,51,Female,East,Office Supplies,Storage,2,406.96,0,813.92,207.94
ORD-2311,23-11-2023,CUST-222,44,Female,West,Technology,Machines,2,406.52,0.15,691.08,-23.92
ORD-2312,23-05-2023,CUST-219,34,Male,Central,Office Supplies,Art,4,29.86,0.1,107.5,-3.37
ORD-2313,28-03-2023,CUST-495,52,Female,Central,Furniture,Chairs,1,86.84,0.3,60.79,17.68
ORD-2314,01-05-2022,CUST-65,41,Female,South,Office Supplies,Paper,6,277.99,0.1,1501.15,-139.46
ORD-2315,27-03-2024,CUST-593,40,Female,Central,Office Supplies,Storage,9,370.27,0,3332.43,239.37
ORD-2316,17-02-2022,CUST-63,49,Female,West,Furniture,Tables,1,266.39,0.1,239.75,5.02
ORD-2317,03-02-2022,CUST-24,44,Male,East,Office Supplies,Binders,1,391.58,0,391.58,133.16
ORD-2318,21-10-2022,CUST-533,44,Male,West,Office Supplies,Storage,1,223.95,0.1,201.56,26.79
ORD-2319,07-03-2023,CUST-66,51,Female,West,Technology,Accessories,4,477.67,0.1,1719.61,84.71
ORD-2320,20-02-2024,CUST-422,26,Female,Central,Furniture,Sofas,1,310.07,0,310.07,49.46
ORD-2321,31-08-2023,CUST-123,18,Female,Central,Furniture,Chairs,4,182.36,0,729.44,166.65
ORD-2322,31-03-2023,CUST-61,36,Female,Central,Technology,Accessories,6,299.41,0,1796.46,84.47
ORD-2323,18-08-2024,CUST-231,59,Male,West,Office Supplies,Paper,9,218.25,0,1964.25,205.68
ORD-2324,10-05-2022,CUST-243,54,Male,East,Technology,Copiers,4,231.63,0,926.52,145.15
ORD-2325,12-03-2024,CUST-565,40,Female,East,Office Supplies,Paper,2,71.45,0,142.9,49.51
ORD-2326,30-09-2024,CUST-426,20,Female,Central,Technology,Machines,7,156.5,0.15,931.18,202.47
ORD-2327,21-07-2024,CUST-336,37,Male,East,Office Supplies,Paper,9,152.01,0,1368.09,471.96
ORD-2328,26-11-2023,CUST-119,36,Male,West,Technology,Machines,4,445.84,0,1783.36,194.45
ORD-2329,26-06-2023,CUST-85,46,Male,South,Furniture,Bookcases,7,168.78,0.3,827.02,41.25
ORD-2330,19-10-2024,CUST-537,34,Male,East,Furniture,Sofas,4,49.18,0,196.72,18.05
ORD-2331,20-01-2022,CUST-26,36,Male,South,Office Supplies,Storage,7,245.78,0,1720.46,52.01
ORD-2332,27-09-2024,CUST-369,37,Female,West,Office Supplies,Storage,3,390.41,0,1171.23,240.32
ORD-2333,16-10-2023,CUST-41,49,Female,Central,Office Supplies,Paper,9,276.08,0.1,2236.25,89.25
ORD-2334,19-05-2023,CUST-243,52,Female,Central,Office Supplies,Binders,3,52.41,0,157.23,-9.68
ORD-2335,10-06-2023,CUST-159,35,Male,West,Office Supplies,Art,8,269.22,0.15,1830.7,9.45
ORD-2336,14-10-2024,CUST-3,64,Female,Central,Office Supplies,Paper,2,20.57,0.15,34.97,3.4
ORD-2337,11-02-2022,CUST-436,61,Female,West,Office Supplies,Art,9,228.33,0.1,1849.47,560.36
ORD-2338,21-08-2023,CUST-444,43,Female,East,Furniture,Bookcases,9,354.53,0.3,2233.54,301.33
ORD-2339,22-09-2022,CUST-150,54,Male,East,Technology,Accessories,4,362.87,0.1,1306.33,-73.86
ORD-2340,15-03-2024,CUST-223,34,Male,West,Technology,Phones,6,147.02,0,882.12,135.19
ORD-2341,09-02-2023,CUST-526,36,Female,East,Technology,Copiers,9,286.08,0.3,1802.3,41.04
ORD-2342,08-07-2024,CUST-161,25,Female,East,Office Supplies,Storage,2,106.02,0.15,180.23,56.35
ORD-2343,22-11-2023,CUST-167,35,Male,Central,Technology,Accessories,9,8.88,0.1,71.93,18.5
ORD-2344,06-05-2023,CUST-128,31,Male,West,Office Supplies,Art,6,176.56,0.2,847.49,204.5
ORD-2345,18-05-2024,CUST-405,36,Female,South,Office Supplies,Binders,4,171.78,0.15,584.05,18.96
ORD-2346,12-06-2022,CUST-271,44,Male,West,Furniture,Tables,7,444.42,0,3110.94,212.13
ORD-2347,28-09-2024,CUST-584,52,Male,West,Office Supplies,Storage,6,282.14,0.15,1438.91,-67.22
ORD-2348,26-02-2024,CUST-515,47,Male,West,Technology,Machines,9,58.81,0.15,449.9,-35.74
ORD-2349,30-07-2023,CUST-81,32,Male,West,Technology,Machines,6,161.68,0.1,873.07,84.23
ORD-2350,04-01-2023,CUST-322,40,Male,Central,Technology,Phones,9,308.44,0,2775.96,-251.69
ORD-2351,21-12-2022,CUST-527,33,Female,Central,Furniture,Sofas,7,316.11,0,2212.77,36.26
ORD-2352,10-12-2023,CUST-335,48,Female,South,Office Supplies,Storage,8,19.75,0.1,142.2,34.59
ORD-2353,19-12-2022,CUST-285,18,Male,South,Furniture,Bookcases,4,401.96,0.15,1366.66,351.22
ORD-2354,08-02-2024,CUST-129,43,Female,South,Furniture,Sofas,4,312.18,0.1,1123.85,197.77
ORD-2355,08-01-2024,CUST-477,58,Female,Central,Office Supplies,Storage,7,295.36,0.1,1860.77,501.02
ORD-2356,22-08-2022,CUST-21,43,Male,South,Office Supplies,Paper,5,308.99,0,1544.95,-53.64
ORD-2357,20-02-2022,CUST-118,29,Female,East,Office Supplies,Binders,3,347.08,0.1,937.12,318.26
ORD-2358,30-08-2024,CUST-529,23,Male,South,Technology,Phones,3,376.25,0,1128.75,81.01
ORD-2359,05-07-2022,CUST-283,32,Male,West,Office Supplies,Binders,8,83.49,0.1,601.13,182.32
ORD-2360,11-07-2023,CUST-394,39,Female,Central,Office Supplies,Art,2,54.79,0,109.58,14.05
ORD-2361,04-10-2024,CUST-306,41,Female,West,Furniture,Bookcases,1,149.26,0.2,119.41,41.74
ORD-2362,16-08-2024,CUST-206,58,Female,Central,Technology,Copiers,7,473.65,0,3315.55,601.48
ORD-2363,08-12-2024,CUST-159,18,Male,East,Office Supplies,Storage,3,230.23,0,690.69,70.71
ORD-2364,19-11-2024,CUST-199,24,Female,Central,Furniture,Sofas,1,402.2,0.15,341.87,-14.7
ORD-2365,06-07-2024,CUST-136,25,Female,South,Office Supplies,Storage,8,486.43,0.15,3307.72,-122.83
ORD-2366,31-01-2022,CUST-401,71,Female,South,Office Supplies,Storage,7,215.63,0,1509.41,227.27
ORD-2367,27-04-2024,CUST-273,55,Male,West,Office Supplies,Paper,4,253.28,0.2,810.5,208.81
ORD-2368,26-03-2023,CUST-498,59,Female,South,Furniture,Tables,8,74.71,0,597.68,91.3
ORD-2369,30-05-2023,CUST-120,32,Male,West,Office Supplies,Binders,4,10.43,0.2,33.38,0.74
ORD-2370,24-01-2023,CUST-496,41,Female,East,Technology,Machines,9,289.34,0.2,2083.25,528.81
ORD-2371,28-04-2023,CUST-133,51,Male,West,Furniture,Tables,3,268.42,0.3,563.68,116.44
ORD-2372,03-03-2022,CUST-174,35,Male,East,Office Supplies,Paper,7,308.55,0.1,1943.86,-184.02
ORD-2373,27-06-2022,CUST-486,30,Female,East,Technology,Machines,6,186.52,0.1,1007.21,-71.29
ORD-2374,05-04-2023,CUST-205,46,Male,East,Office Supplies,Storage,9,342.43,0,3081.87,-154.96
ORD-2375,17-06-2023,CUST-308,50,Female,Central,Office Supplies,Paper,1,213.28,0.15,181.29,61.27
ORD-2376,24-11-2023,CUST-487,43,Male,Central,Office Supplies,Storage,8,29.65,0,237.2,45.39
ORD-2377,22-05-2024,CUST-502,27,Female,West,Furniture,Chairs,6,434.73,0,2608.38,482.08
ORD-2378,11-05-2022,CUST-441,48,Female,West,Furniture,Chairs,1,365.29,0,365.29,47.55
ORD-2379,30-09-2024,CUST-436,36,Male,East,Furniture,Sofas,3,454.8,0.1,1227.96,-81.38
ORD-2380,12-08-2023,CUST-516,43,Male,Central,Technology,Machines,9,487.29,0,4385.61,1431.65
ORD-2381,07-07-2023,CUST-293,24,Female,South,Office Supplies,Art,9,382.96,0.3,2412.65,58.53
ORD-2382,17-04-2022,CUST-129,32,Female,East,Office Supplies,Paper,7,339.3,0.1,2137.59,-210.38
ORD-2383,12-05-2024,CUST-33,30,Female,Central,Office Supplies,Storage,7,338.6,0.1,2133.18,213.03
ORD-2384,22-09-2022,CUST-26,36,Female,West,Office Supplies,Storage,8,107.8,0.3,603.68,-12.87
ORD-2385,09-06-2024,CUST-551,42,Male,South,Technology,Copiers,3,291.71,0,875.13,143.56
ORD-2386,26-03-2024,CUST-136,37,Male,South,Furniture,Chairs,4,355.19,0.3,994.53,4.87
ORD-2387,06-06-2024,CUST-303,41,Male,Central,Office Supplies,Binders,9,441.89,0.3,2783.91,-152.42
ORD-2388,29-08-2023,CUST-398,62,Female,East,Technology,Accessories,8,472.52,0,3780.16,-89.41
ORD-2389,10-06-2024,CUST-355,38,Female,East,Office Supplies,Binders,6,300.24,0,1801.44,24.95
ORD-2390,22-10-2024,CUST-437,28,Female,West,Technology,Copiers,9,111.2,0.3,700.56,-53.63
ORD-2391,09-05-2022,CUST-349,18,Male,West,Technology,Copiers,6,454.98,0.3,1910.92,-41.78
ORD-2392,18-05-2022,CUST-578,47,Female,Central,Office Supplies,Paper,4,168.8,0.1,607.68,201.42
ORD-2393,28-04-2024,CUST-21,26,Female,Central,Technology,Machines,7,89.52,0.2,501.31,38.81
ORD-2394,16-09-2024,CUST-482,30,Male,South,Office Supplies,Paper,2,208.92,0.15,355.16,123.52
ORD-2395,20-10-2024,CUST-17,37,Female,East,Technology,Phones,7,338.02,0.3,1656.3,442.91
ORD-2396,22-08-2022,CUST-245,68,Male,Central,Office Supplies,Paper,6,66.63,0.3,279.85,-10.32
ORD-2397,02-11-2024,CUST-382,51,Female,East,Technology,Machines,2,268.4,0.1,483.12,35.9
ORD-2398,02-10-2022,CUST-598,40,Male,West,Office Supplies,Paper,7,152.16,0.1,958.61,-55.65
ORD-2399,07-02-2022,CUST-244,23,Male,East,Office Supplies,Art,9,185.86,0,1672.74,451.13
ORD-2400,05-10-2023,CUST-275,55,Female,Central,Technology,Phones,3,97.02,0,291.06,37.58
ORD-2401,21-07-2023,CUST-6,42,Female,West,Office Supplies,Paper,4,339.2,0,1356.8,-19.82
ORD-2402,23-11-2023,CUST-156,43,Female,West,Office Supplies,Storage,9,334.21,0.2,2406.31,149.6
ORD-2403,03-08-2023,CUST-542,39,Female,East,Office Supplies,Binders,8,359.47,0,2875.76,62.44
ORD-2404,17-10-2022,CUST-302,41,Male,Central,Furniture,Tables,8,325.07,0,2600.56,189.45
ORD-2405,19-08-2022,CUST-392,40,Male,South,Furniture,Chairs,6,318.17,0,1909.02,43.3
ORD-2406,17-01-2024,CUST-264,36,Female,East,Office Supplies,Art,2,109.68,0,219.36,-12.58
ORD-2407,14-08-2022,CUST-266,38,Male,East,Office Supplies,Storage,9,147.47,0,1327.23,276.27
ORD-2408,16-10-2024,CUST-269,28,Female,West,Technology,Accessories,2,166.78,0,333.56,56.9
ORD-2409,15-10-2024,CUST-14,53,Female,East,Technology,Accessories,5,37.01,0.1,166.54,0.98
ORD-2410,02-03-2024,CUST-489,45,Female,West,Technology,Phones,3,375.01,0.1,1012.53,329.3
ORD-2411,24-09-2023,CUST-112,53,Male,East,Furniture,Chairs,5,287.2,0.1,1292.4,265.07
ORD-2412,04-01-2024,CUST-65,53,Male,South,Office Supplies,Paper,2,234.81,0,469.62,-17.17
ORD-2413,16-06-2024,CUST-89,49,Male,West,Office Supplies,Art,9,242.42,0.2,1745.42,270.32
ORD-2414,26-12-2024,CUST-477,53,Female,East,Technology,Accessories,9,327.53,0.2,2358.22,251.61
ORD-2415,10-05-2024,CUST-8,55,Female,South,Technology,Copiers,9,199.41,0,1794.69,493.15
ORD-2416,14-07-2022,CUST-308,32,Male,Central,Technology,Copiers,3,151.16,0,453.48,28.94
ORD-2417,01-05-2022,CUST-429,63,Female,Central,Furniture,Bookcases,4,119.23,0.15,405.38,67.34
ORD-2418,03-08-2023,CUST-361,54,Female,West,Office Supplies,Paper,8,86.31,0.2,552.38,146.7
ORD-2419,11-06-2023,CUST-64,39,Male,East,Office Supplies,Art,9,450.17,0.3,2836.07,526.1
ORD-2420,26-11-2022,CUST-450,44,Female,East,Office Supplies,Art,6,249.57,0,1497.42,438.15
ORD-2421,12-12-2023,CUST-401,48,Male,West,Furniture,Bookcases,6,279.08,0.3,1172.14,264.67
ORD-2422,24-06-2024,CUST-179,52,Female,South,Office Supplies,Storage,4,345,0.1,1242,191.86
ORD-2423,20-01-2024,CUST-245,49,Female,East,Technology,Phones,4,23.4,0,93.6,29.28
ORD-2424,12-09-2024,CUST-373,45,Male,West,Office Supplies,Binders,9,378.57,0.3,2384.99,-2.25
ORD-2425,16-06-2024,CUST-469,50,Female,East,Technology,Copiers,9,282.31,0,2540.79,778.17
ORD-2426,01-04-2022,CUST-198,56,Male,East,Office Supplies,Binders,8,390.38,0.2,2498.43,239.91
ORD-2427,30-01-2024,CUST-32,31,Male,South,Furniture,Sofas,7,196.85,0.1,1240.16,339.98
ORD-2428,27-02-2023,CUST-17,55,Male,South,Furniture,Sofas,2,417.26,0,834.52,-41.32
ORD-2429,17-09-2022,CUST-153,31,Male,South,Furniture,Sofas,9,153.68,0.1,1244.81,136.35
ORD-2430,24-12-2024,CUST-326,44,Female,Central,Office Supplies,Art,5,50.51,0.15,214.67,19.97
ORD-2431,15-11-2023,CUST-63,49,Male,West,Furniture,Sofas,3,122.47,0.1,330.67,94.32
ORD-2432,28-01-2023,CUST-247,,Female,South,Office Supplies,Storage,4,191.06,0.3,534.97,-30.76
ORD-2433,20-11-2022,CUST-423,29,Female,West,Office Supplies,Storage,2,279.38,0.15,474.95,151.3
ORD-2434,05-02-2022,CUST-538,27,Female,Central,Office Supplies,Paper,3,101.19,0,303.57,-2.13
ORD-2435,21-03-2022,CUST-403,40,Male,South,Technology,Copiers,3,498.72,0.3,1047.31,211.48
ORD-2436,28-11-2022,CUST-111,20,Female,Central,Furniture,Bookcases,9,205.11,0,1845.99,66.9
ORD-2437,21-05-2023,CUST-180,36,Male,West,Office Supplies,Storage,9,137.66,0,1238.94,391.46
ORD-2438,15-06-2024,CUST-283,52,Female,East,Office Supplies,Storage,3,450.45,0,1351.35,-67.31
ORD-2439,06-06-2024,CUST-466,51,Female,Central,Office Supplies,Art,4,294.16,0.15,1000.14,42.27
ORD-2440,22-10-2023,CUST-251,40,Male,South,Furniture,Sofas,6,425.97,0,2555.82,-221.33
ORD-2441,03-02-2024,CUST-78,48,Female,South,Furniture,Tables,6,337.71,0,2026.26,-81.15
ORD-2442,17-10-2022,CUST-193,34,Female,Central,Office Supplies,Binders,9,89.01,0,801.09,5.37
ORD-2443,26-10-2024,CUST-392,22,Female,East,Office Supplies,Paper,3,125.51,0,376.53,121.49
ORD-2444,04-12-2023,CUST-45,35,Female,South,Office Supplies,Binders,1,78.24,0,78.24,16.25
ORD-2445,21-04-2023,CUST-233,22,Female,Central,Technology,Accessories,1,59.38,0.1,53.44,-4.92
ORD-2446,17-08-2024,CUST-182,33,Female,South,Furniture,Tables,4,303.07,0.1,1091.05,91.18
ORD-2447,12-05-2024,CUST-133,39,Male,West,Office Supplies,Paper,8,273.92,0.1,1972.22,428.48
ORD-2448,26-04-2024,CUST-561,57,Female,Central,Office Supplies,Binders,6,324.32,0.1,1751.33,332.36
ORD-2449,14-07-2023,CUST-29,49,Female,South,Office Supplies,Art,5,5.7,0.1,25.65,4.25
ORD-2450,26-03-2024,CUST-187,58,Female,West,Technology,Accessories,7,39.91,0.15,237.46,2.93
ORD-2451,04-06-2023,CUST-172,50,Male,West,Office Supplies,Paper,5,86.2,0,431,-25.65
ORD-2452,28-10-2023,CUST-376,57,Male,West,Office Supplies,Paper,2,470.9,0.2,753.44,210.7
ORD-2453,21-04-2022,CUST-238,40,Female,Central,Furniture,Sofas,8,398.2,0.1,2867.04,-235.35
ORD-2454,17-01-2023,CUST-463,62,Female,Central,Office Supplies,Paper,1,173.63,0,173.63,41.7
ORD-2455,31-07-2024,CUST-521,20,Female,East,Furniture,Chairs,8,468.78,0,3750.24,1134.1
ORD-2456,05-12-2023,CUST-480,36,Female,South,Furniture,Tables,8,110.67,0.3,619.75,188.75
ORD-2457,31-08-2024,CUST-170,52,Male,East,Technology,Copiers,9,173.41,0,1560.69,515.71
ORD-2458,22-07-2022,CUST-426,55,Female,Central,Furniture,Sofas,8,436.23,0,3489.84,-221.98
ORD-2459,01-02-2023,CUST-230,55,Female,Central,Office Supplies,Art,8,69.71,0,557.68,89.1
ORD-2460,05-04-2022,CUST-489,36,Male,East,Furniture,Tables,2,167.41,0.2,267.86,-4.61
ORD-2461,02-06-2023,CUST-4,39,Male,East,Furniture,Chairs,5,246.74,0,1233.7,269.67
ORD-2462,14-10-2023,CUST-483,56,Female,Central,Technology,Machines,1,440.27,0.3,308.19,25.42
ORD-2463,25-11-2023,CUST-411,43,Male,East,Furniture,Sofas,2,144.11,0,288.22,0.04
ORD-2464,17-02-2024,CUST-537,50,Female,West,Technology,Machines,9,316.29,0.15,2419.62,712.38
ORD-2465,06-05-2022,CUST-554,42,Male,West,Furniture,Bookcases,9,67.97,0,611.73,13.55
ORD-2466,26-12-2024,CUST-237,29,Female,Central,Office Supplies,Art,2,159.69,0,319.38,52.72
ORD-2467,18-02-2023,CUST-450,29,Female,Central,Technology,Copiers,4,127.35,0.3,356.58,28.07
ORD-2468,16-02-2023,CUST-407,62,Male,West,Office Supplies,Paper,7,8.66,0.2,48.5,6.43
ORD-2469,20-02-2023,CUST-544,47,Male,East,Technology,Phones,3,114.41,0,343.23,116.98
ORD-2470,14-06-2024,CUST-507,42,Male,Central,Furniture,Bookcases,5,351,0.1,1579.5,219.57
ORD-2471,11-03-2024,CUST-221,40,Male,East,Furniture,Sofas,8,438.56,0.1,3157.63,264.36
ORD-2472,12-02-2024,CUST-11,21,Female,East,Office Supplies,Art,6,286.74,0.1,1548.4,301.17
ORD-2473,13-08-2024,CUST-112,41,Male,West,Office Supplies,Art,3,235.76,0.15,601.19,-32.12
ORD-2474,22-09-2022,CUST-417,44,Female,South,Office Supplies,Paper,4,343,0.15,1166.2,324.13
ORD-2475,11-08-2024,CUST-413,37,Male,South,Furniture,Bookcases,2,65.82,0,131.64,35.03
ORD-2476,20-08-2022,CUST-561,,Female,East,Technology,Accessories,3,461.31,0,1383.93,394.78
ORD-2477,05-02-2023,CUST-143,34,Male,West,Office Supplies,Binders,5,463.04,0.1,2083.68,-46.04
ORD-2478,01-05-2023,CUST-322,18,Female,East,Furniture,Tables,5,24.27,0,121.35,33.27
ORD-2479,01-06-2024,CUST-571,53,Female,East,Technology,Machines,8,341.14,0.15,2319.75,216.21
ORD-2480,01-10-2022,CUST-42,37,Male,East,Furniture,Tables,7,216.57,0.1,1364.39,415.34
ORD-2481,02-02-2022,CUST-399,31,Male,West,Office Supplies,Storage,4,467.08,0,1868.32,459.89
ORD-2482,04-08-2023,CUST-367,41,Female,West,Technology,Machines,2,106.11,0.1,191,46.68
ORD-2483,13-08-2023,CUST-135,42,Female,Central,Office Supplies,Storage,3,422.15,0,1266.45,35.61
ORD-2484,27-01-2023,CUST-192,33,Male,Central,Furniture,Bookcases,1,55.89,0,55.89,9.33
ORD-2485,10-01-2022,CUST-407,26,Male,West,Furniture,Tables,8,376.44,0,3011.52,-179.89
ORD-2486,07-04-2023,CUST-334,50,Male,West,Furniture,Chairs,6,476.01,0.15,2427.65,631.13
ORD-2487,22-06-2023,CUST-573,53,Male,West,Office Supplies,Storage,2,410.62,0,821.24,47.48
ORD-2488,26-06-2023,CUST-302,30,Male,South,Office Supplies,Paper,3,304.8,0.1,822.96,98.68
ORD-2489,26-07-2024,CUST-550,18,Female,East,Office Supplies,Binders,9,417.44,0.2,3005.57,-165.25
ORD-2490,25-02-2023,CUST-562,23,Male,East,Furniture,Bookcases,8,136.35,0,1090.8,160.24
ORD-2491,28-03-2024,CUST-361,69,Female,Central,Technology,Accessories,3,239.48,0.15,610.67,180.84
ORD-2492,11-11-2023,CUST-355,44,Female,East,Office Supplies,Binders,5,94.02,0,470.1,150.01
ORD-2493,19-11-2024,CUST-589,28,Female,West,Office Supplies,Paper,8,316.17,0,2529.36,851.32
ORD-2494,19-06-2024,CUST-520,,Male,South,Office Supplies,Binders,8,278.09,0,2224.72,-95.99
ORD-2495,16-06-2024,CUST-387,18,Female,Central,Office Supplies,Art,2,148.75,0,297.5,75.07
ORD-2496,27-09-2022,CUST-502,18,Male,East,Office Supplies,Storage,5,415.58,0.1,1870.11,-29.72
ORD-2497,20-12-2024,CUST-495,44,Male,Central,Furniture,Bookcases,6,20.61,0.15,105.11,7.05
ORD-2498,02-05-2023,CUST-328,39,Female,East,Furniture,Sofas,9,61.41,0.15,469.79,12.21
ORD-2499,11-05-2024,CUST-134,35,Female,Central,Technology,Phones,6,161.06,0,966.36,202.04
ORD-2500,01-03-2023,CUST-179,38,Male,Central,Technology,Accessories,6,319.99,0.15,1631.95,49.01
ORD-2501,03-08-2022,CUST-319,38,Female,West,Office Supplies,Binders,4,163.46,0.2,523.07,143.62
ORD-2502,07-01-2023,CUST-293,45,Male,West,Furniture,Bookcases,8,196.52,0.15,1336.34,406.02
ORD-2503,25-02-2022,CUST-474,38,Male,South,Furniture,Chairs,7,408.64,0.3,2002.34,500.57
ORD-2504,16-03-2023,CUST-7,35,Female,Central,Technology,Phones,7,132.65,0,928.55,38.85
ORD-2505,24-02-2023,CUST-171,50,Female,South,Technology,Copiers,4,315.53,0.1,1135.91,-82.34
ORD-2506,17-05-2024,CUST-346,43,Male,Central,Technology,Machines,1,363.38,0.1,327.04,36.2
ORD-2507,03-08-2023,CUST-111,44,Male,South,Office Supplies,Paper,3,463.37,0,1390.11,-106.76
ORD-2508,03-01-2022,CUST-39,53,Male,Central,Furniture,Tables,3,316.17,0.2,758.81,112.23
ORD-2509,30-06-2023,CUST-155,36,Male,Central,Office Supplies,Storage,1,5.85,0,5.85,-0.32
ORD-2510,11-10-2023,CUST-176,38,Female,Central,Office Supplies,Paper,3,293.45,0,880.35,243.8
ORD-2511,19-07-2024,CUST-281,52,Male,West,Technology,Phones,8,53.3,0,426.4,101.89
ORD-2512,01-10-2023,CUST-376,50,Female,West,Office Supplies,Storage,9,269.22,0.3,1696.09,59.13
ORD-2513,09-12-2022,CUST-589,32,Male,Central,Furniture,Bookcases,4,360.81,0,1443.24,-36.34
ORD-2514,28-10-2023,CUST-576,52,Female,Central,Technology,Copiers,9,196.01,0.15,1499.48,404.22
ORD-2515,03-09-2024,CUST-510,53,Female,West,Technology,Accessories,4,475.21,0,1900.84,-70.79
ORD-2516,06-08-2023,CUST-581,48,Female,East,Office Supplies,Binders,9,126.39,0.15,966.88,-91.19
ORD-2517,25-04-2022,CUST-80,49,Male,East,Office Supplies,Paper,6,65.49,0.1,353.65,33.7
ORD-2518,01-04-2024,CUST-446,30,Female,Central,Furniture,Sofas,7,123.16,0,862.12,67.09
ORD-2519,26-04-2022,CUST-583,63,Male,South,Furniture,Sofas,8,192.05,0.2,1229.12,407.3
ORD-2520,19-10-2023,CUST-463,54,Male,East,Technology,Accessories,8,165.5,0.1,1191.6,169.84
ORD-2521,26-11-2023,CUST-404,49,Female,South,Technology,Accessories,6,493.86,0,2963.16,313.89
ORD-2522,10-01-2024,CUST-175,45,Female,Central,Technology,Machines,8,295.58,0.15,2009.94,180.61
ORD-2523,05-12-2022,CUST-123,50,Female,East,Office Supplies,Storage,8,401.49,0,3211.92,519.97
ORD-2524,14-12-2023,CUST-503,43,Male,Central,Technology,Machines,1,331.5,0.2,265.2,-17.49
ORD-2525,06-04-2022,CUST-179,39,Male,West,Technology,Phones,8,90.3,0.2,577.92,29.39
ORD-2526,03-07-2023,CUST-391,32,Female,East,Office Supplies,Art,9,97.25,0.15,743.96,110.15
ORD-2527,14-07-2024,CUST-199,26,Female,Central,Technology,Phones,9,369.13,0.15,2823.84,745.41
ORD-2528,18-04-2022,CUST-258,23,Female,East,Technology,Phones,8,304.78,0.3,1706.77,15.6
ORD-2529,29-07-2022,CUST-553,52,Female,Central,Technology,Accessories,8,308.27,0.2,1972.93,191.39
ORD-2530,15-08-2023,CUST-174,40,Male,West,Office Supplies,Storage,5,316,0.15,1343,240.93
ORD-2531,02-03-2022,CUST-423,47,Female,West,Office Supplies,Storage,3,244.02,0,732.06,88.93
ORD-2532,24-01-2024,CUST-510,30,Male,South,Furniture,Bookcases,3,223.84,0.15,570.79,30.33
ORD-2533,18-05-2024,CUST-32,18,Female,Central,Office Supplies,Paper,3,447.56,0.1,1208.41,175.12
ORD-2534,27-01-2022,CUST-328,59,Female,East,Office Supplies,Binders,7,430.91,0.1,2714.73,230.55
ORD-2535,26-06-2023,CUST-382,55,Male,East,Technology,Machines,2,492.79,0,985.58,39.8
ORD-2536,18-08-2023,CUST-421,34,Female,Central,Furniture,Chairs,3,29.54,0.1,79.76,10.51
ORD-2537,17-08-2024,CUST-107,42,Male,East,Office Supplies,Art,1,283.09,0,283.09,24.16
ORD-2538,08-10-2022,CUST-484,30,Female,Central,Technology,Phones,5,167.51,0.2,670.04,158.01
ORD-2539,07-02-2024,CUST-8,58,Male,East,Office Supplies,Art,7,168.7,0,1180.9,-88.84
ORD-2540,15-06-2023,CUST-323,37,Female,South,Technology,Machines,1,317.15,0.3,222,53.44
ORD-2541,20-09-2023,CUST-181,35,Female,East,Technology,Copiers,5,393.89,0.3,1378.61,406.2
ORD-2542,14-08-2024,CUST-448,44,Female,West,Office Supplies,Art,3,183.6,0.2,440.64,45.59
ORD-2543,25-03-2023,CUST-135,40,Male,East,Technology,Phones,2,118.56,0.1,213.41,10.82
ORD-2544,08-10-2023,CUST-1,63,Female,South,Furniture,Sofas,2,180.05,0.1,324.09,55.04
ORD-2545,05-04-2023,CUST-152,49,Female,East,Technology,Phones,2,224.09,0.1,403.36,-19.33
ORD-2546,12-05-2024,CUST-464,26,Male,West,Technology,Accessories,9,176.9,0,1592.1,89.94
ORD-2547,17-02-2023,CUST-397,50,Male,South,Technology,Copiers,6,174.09,0.1,940.09,-33.37
ORD-2548,24-04-2024,CUST-134,32,Female,West,Furniture,Tables,6,26.02,0.1,140.51,12.44
ORD-2549,13-10-2023,CUST-443,54,Female,South,Furniture,Sofas,8,410.47,0.1,2955.38,349.13
ORD-2550,21-05-2024,CUST-279,32,Female,South,Technology,Phones,3,154.65,0.2,371.16,-34.25
ORD-2551,03-01-2023,CUST-308,19,Female,South,Office Supplies,Storage,8,9.37,0.1,67.46,18.68
ORD-2552,14-10-2024,CUST-417,29,Male,East,Technology,Machines,8,449.62,0,3596.96,591.34
ORD-2553,23-10-2022,CUST-597,45,Male,South,Furniture,Chairs,5,64.32,0.2,257.28,64.49
ORD-2554,05-07-2023,CUST-112,58,Female,Central,Office Supplies,Art,7,207.45,0.15,1234.33,231.34
ORD-2555,19-07-2022,CUST-416,42,Male,East,Technology,Accessories,5,441.22,0.1,1985.49,536.21
ORD-2556,11-10-2024,CUST-321,18,Female,West,Technology,Phones,8,362.96,0,2903.68,-260.18
ORD-2557,30-03-2023,CUST-540,70,Female,West,Technology,Copiers,1,278.75,0.1,250.88,18.96
ORD-2558,25-03-2023,CUST-75,51,Female,Central,Furniture,Chairs,2,23.17,0,46.34,11.32
ORD-2559,19-12-2023,CUST-62,36,Female,West,Furniture,Tables,7,156.4,0,1094.8,223.37
ORD-2560,28-05-2024,CUST-74,46,Female,South,Technology,Machines,5,154.74,0,773.7,55.97
ORD-2561,12-04-2022,CUST-300,26,Male,West,Office Supplies,Binders,5,335.95,0,1679.75,24.86
ORD-2562,11-09-2023,CUST-48,33,Male,East,Furniture,Tables,8,157.11,0.1,1131.19,-44.76
ORD-2563,27-10-2023,CUST-370,27,Male,West,Office Supplies,Paper,5,140.8,0.15,598.4,-18.68
ORD-2564,08-01-2023,CUST-277,35,Male,East,Technology,Copiers,9,339.98,0.1,2753.84,-252.5
ORD-2565,03-12-2024,CUST-51,50,Female,South,Technology,Copiers,8,460.63,0.3,2579.53,847.21
ORD-2566,14-01-2024,CUST-278,51,Female,Central,Office Supplies,Art,4,387.09,0.1,1393.52,242.98
ORD-2567,21-05-2022,CUST-199,42,Female,Central,Technology,Machines,2,37.3,0.2,59.68,17.36
ORD-2568,05-12-2024,CUST-461,22,Male,South,Office Supplies,Binders,9,136.25,0,1226.25,142.08
ORD-2569,10-12-2023,CUST-171,65,Male,West,Office Supplies,Paper,9,230.52,0,2074.68,380.3
ORD-2570,26-10-2022,CUST-293,41,Female,Central,Office Supplies,Binders,9,97.41,0.1,789.02,180.49
ORD-2571,05-11-2024,CUST-104,30,Female,South,Furniture,Tables,8,131.12,0.1,944.06,118.53
ORD-2572,28-01-2022,CUST-340,26,Female,West,Office Supplies,Art,8,184.55,0,1476.4,199.23
ORD-2573,30-05-2022,CUST-519,28,Male,Central,Office Supplies,Art,8,151.96,0.3,850.98,87.53
ORD-2574,04-07-2024,CUST-225,25,Female,East,Office Supplies,Binders,3,91.54,0,274.62,0.24
ORD-2575,16-01-2022,CUST-562,32,Male,Central,Technology,Phones,5,111.67,0.1,502.52,-35.06
ORD-2576,18-06-2023,CUST-278,53,Male,South,Office Supplies,Art,3,431.6,0.1,1165.32,241.87
ORD-2577,30-10-2024,CUST-55,43,Female,Central,Office Supplies,Binders,2,120.22,0.3,168.31,39.3
ORD-2578,22-12-2023,CUST-396,46,Female,Central,Office Supplies,Art,5,128.92,0,644.6,191.89
ORD-2579,28-01-2023,CUST-32,34,Female,Central,Furniture,Sofas,8,249.52,0,1996.16,580.69
ORD-2580,10-06-2024,CUST-396,57,Female,West,Office Supplies,Binders,1,448.39,0,448.39,21.99
ORD-2581,04-09-2023,CUST-158,18,Female,East,Furniture,Chairs,1,106.52,0.15,90.54,23.9
ORD-2582,07-05-2024,CUST-317,43,Female,South,Office Supplies,Paper,7,371.08,0.1,2337.8,178.74
ORD-2583,03-09-2022,CUST-202,35,Male,East,Office Supplies,Art,8,460.91,0.1,3318.55,432
ORD-2584,23-05-2023,CUST-356,42,Female,West,Office Supplies,Paper,6,293.07,0.3,1230.89,90.73
ORD-2585,04-02-2023,CUST-374,47,Male,South,Technology,Machines,4,245.26,0,981.04,-43.18
ORD-2586,16-07-2022,CUST-597,44,Male,South,Technology,Phones,5,228.79,0,1143.95,179.72
ORD-2587,06-08-2024,CUST-339,33,Female,South,Technology,Machines,3,406.72,0.15,1037.14,9.15
ORD-2588,10-12-2023,CUST-221,34,Male,Central,Furniture,Chairs,5,253.56,0.2,1014.24,205.05
ORD-2589,27-06-2024,CUST-319,47,Female,East,Technology,Accessories,5,183.68,0,918.4,45.51
ORD-2590,17-03-2022,CUST-245,22,Female,East,Office Supplies,Art,9,397.71,0.15,3042.48,609.99
ORD-2591,23-07-2022,CUST-356,45,Female,East,Office Supplies,Storage,6,201.26,0,1207.56,347.94
ORD-2592,22-08-2023,CUST-380,46,Female,Central,Furniture,Bookcases,3,132.03,0.15,336.68,111.46
ORD-2593,13-11-2024,CUST-413,56,Male,South,Furniture,Sofas,1,354.81,0,354.81,74.43
ORD-2594,20-10-2023,CUST-265,37,Male,East,Furniture,Tables,2,54.47,0.2,87.15,3.22
ORD-2595,01-01-2024,CUST-161,65,Male,South,Office Supplies,Storage,4,343.06,0.3,960.57,3.85
ORD-2596,09-02-2024,CUST-404,47,Male,West,Technology,Machines,7,15,0,105,19.82
ORD-2597,21-07-2023,CUST-68,59,Female,South,Technology,Accessories,4,389.05,0,1556.2,467.85
ORD-2598,29-05-2023,CUST-160,24,Female,West,Furniture,Bookcases,1,11.36,0,11.36,0.72
ORD-2599,08-08-2023,CUST-556,44,Male,South,Furniture,Tables,1,185.78,0,185.78,23.48
ORD-2600,12-10-2023,CUST-472,59,Female,South,Furniture,Bookcases,7,26.4,0,184.8,-12.09
ORD-2601,01-05-2024,CUST-18,27,Male,South,Office Supplies,Paper,2,279.57,0,559.14,56.61
ORD-2602,20-06-2024,CUST-231,41,Female,Central,Furniture,Bookcases,6,329.39,0.1,1778.71,-68.31
ORD-2603,26-01-2022,CUST-420,,Female,Central,Office Supplies,Storage,7,433.76,0.2,2429.06,-166.45
ORD-2604,04-06-2024,CUST-458,38,Male,West,Office Supplies,Storage,2,245.04,0.1,441.07,7.82
ORD-2605,29-11-2022,CUST-418,49,Male,East,Furniture,Tables,6,60.26,0.1,325.4,19.28
ORD-2606,13-04-2022,CUST-224,35,Male,Central,Technology,Machines,1,174.48,0,174.48,59.88
ORD-2607,09-02-2024,CUST-392,43,Female,Central,Office Supplies,Paper,2,61.66,0,123.32,38.86
ORD-2608,12-01-2022,CUST-499,60,Male,West,Technology,Phones,6,34.52,0,207.12,-13.48
ORD-2609,15-06-2024,CUST-136,53,Male,West,Office Supplies,Storage,1,302.23,0,302.23,15.13
ORD-2610,11-07-2023,CUST-479,36,Male,East,Technology,Copiers,2,240.3,0.15,408.51,28.57
ORD-2611,05-07-2023,CUST-224,51,Male,Central,Furniture,Sofas,7,463.55,0,3244.85,71.55
ORD-2612,02-10-2022,CUST-447,44,Male,East,Furniture,Chairs,7,259.36,0,1815.52,368.7
ORD-2613,04-05-2022,CUST-548,18,Female,South,Furniture,Chairs,6,412.51,0.15,2103.8,633.69
ORD-2614,25-11-2023,CUST-195,44,Male,East,Office Supplies,Art,4,13.46,0.1,48.46,0.13
ORD-2615,20-10-2024,CUST-31,27,Female,South,Office Supplies,Art,4,429.61,0,1718.44,235.31
ORD-2616,27-02-2024,CUST-291,52,Male,Central,Furniture,Tables,9,496.4,0.3,3127.32,-304.37
ORD-2617,12-12-2024,CUST-233,34,Female,East,Office Supplies,Storage,4,234.55,0,938.2,99.46
ORD-2618,10-03-2022,CUST-465,46,Female,South,Technology,Copiers,5,497.03,0.1,2236.63,253.04
ORD-2619,05-11-2024,CUST-354,33,Male,West,Office Supplies,Art,3,260.92,0,782.76,188.67
ORD-2620,10-03-2023,CUST-44,51,Female,Central,Office Supplies,Storage,9,284.99,0,2564.91,319.44
ORD-2621,03-05-2024,CUST-98,45,Male,West,Furniture,Tables,3,207.64,0,622.92,205.19
ORD-2622,24-02-2024,CUST-446,38,Female,West,Office Supplies,Paper,2,327.03,0,654.06,218.26
ORD-2623,28-03-2022,CUST-202,49,Female,East,Office Supplies,Paper,9,498.95,0,4490.55,1234.22
ORD-2624,07-03-2024,CUST-453,39,Male,East,Office Supplies,Art,4,113.18,0.1,407.45,31.15
ORD-2625,20-07-2024,CUST-419,43,Male,South,Office Supplies,Binders,2,220,0,440,22.52
ORD-2626,12-05-2022,CUST-223,35,Male,South,Furniture,Bookcases,1,370.68,0,370.68,26.48
ORD-2627,14-05-2022,CUST-537,18,Male,West,Technology,Phones,7,275.5,0,1928.5,47.53
ORD-2628,20-04-2024,CUST-168,37,Female,Central,Technology,Phones,6,264.96,0.2,1271.81,-108.22
ORD-2629,16-04-2023,CUST-42,19,Male,Central,Office Supplies,Storage,4,6.67,0.15,22.68,6.24
ORD-2630,31-07-2024,CUST-57,22,Male,West,Furniture,Tables,1,43.99,0.15,37.39,-1.42
ORD-2631,14-03-2024,CUST-495,41,Male,West,Office Supplies,Art,9,288.11,0.3,1815.09,493.05
ORD-2632,22-11-2023,CUST-481,49,Female,East,Office Supplies,Paper,9,78.04,0.1,632.12,161.68
ORD-2633,21-08-2022,CUST-379,33,Male,West,Technology,Phones,1,164.49,0,164.49,45.98
ORD-2634,23-04-2024,CUST-175,33,Female,West,Technology,Phones,6,235.96,0.2,1132.61,-37.01
ORD-2635,15-03-2022,CUST-587,50,Male,West,Office Supplies,Storage,9,267.09,0.15,2043.24,368.34
ORD-2636,29-01-2024,CUST-202,18,Male,East,Technology,Machines,1,221.17,0.2,176.94,-3.55
ORD-2637,28-10-2024,CUST-50,45,Male,West,Technology,Accessories,8,377.71,0,3021.68,242.54
ORD-2638,12-05-2023,CUST-305,47,Female,East,Office Supplies,Paper,2,225.47,0,450.94,80.55
ORD-2639,29-11-2022,CUST-80,43,Male,South,Technology,Machines,9,434.42,0,3909.78,251.9
ORD-2640,23-06-2022,CUST-194,18,Female,South,Furniture,Sofas,6,300.59,0.1,1623.19,86.59
ORD-2641,23-09-2022,CUST-457,36,Male,West,Furniture,Sofas,8,494.38,0.1,3559.54,-44.95
ORD-2642,08-07-2023,CUST-266,55,Female,Central,Furniture,Bookcases,4,352.91,0.15,1199.89,83.59
ORD-2643,12-05-2024,CUST-525,21,Female,Central,Furniture,Sofas,6,96.17,0.2,461.62,25.14
ORD-2644,23-07-2023,CUST-457,37,Male,Central,Furniture,Tables,6,362.54,0.2,1740.19,494.38
ORD-2645,21-02-2022,CUST-495,32,Male,East,Technology,Machines,7,232.6,0,1628.2,59.58
ORD-2646,26-12-2024,CUST-55,23,Female,South,Office Supplies,Storage,1,422.95,0.15,359.51,25.39
ORD-2647,25-09-2022,CUST-50,38,Female,East,Technology,Phones,1,47.82,0,47.82,3.27
ORD-2648,01-12-2023,CUST-275,43,Male,Central,Technology,Phones,8,185.15,0.2,1184.96,166.77
ORD-2649,16-02-2022,CUST-389,35,Female,South,Technology,Accessories,7,329.65,0.3,1615.28,-93.75
ORD-2650,24-09-2023,CUST-265,65,Male,East,Office Supplies,Paper,6,147.21,0.15,750.77,126.65
ORD-2651,04-12-2023,CUST-463,38,Male,Central,Office Supplies,Art,2,125,0,250,19.36
ORD-2652,13-08-2024,CUST-174,21,Male,Central,Furniture,Chairs,1,448.89,0.3,314.22,96.93
ORD-2653,11-02-2024,CUST-111,41,Female,Central,Technology,Copiers,3,164.3,0,492.9,51.23
ORD-2654,02-11-2024,CUST-454,39,Female,West,Technology,Machines,2,480.05,0,960.1,112.36
ORD-2655,29-11-2022,CUST-10,32,Female,East,Office Supplies,Paper,6,491.93,0.1,2656.42,279.17
ORD-2656,28-06-2024,CUST-539,35,Female,South,Furniture,Bookcases,9,6.79,0.1,55,5.03
ORD-2657,04-08-2024,CUST-434,31,Female,South,Furniture,Tables,3,299.11,0.2,717.86,13.69
ORD-2658,16-10-2024,CUST-202,18,Male,West,Office Supplies,Binders,5,360.15,0.15,1530.64,239.85
ORD-2659,03-08-2024,CUST-348,62,Male,West,Office Supplies,Paper,3,366.88,0.1,990.58,45.34
ORD-2660,21-08-2024,CUST-1,35,Female,West,Office Supplies,Binders,9,60.79,0.1,492.4,-6.17
ORD-2661,06-03-2024,CUST-39,47,Male,Central,Technology,Copiers,4,449.18,0,1796.72,21.67
ORD-2662,30-07-2022,CUST-457,31,Female,West,Office Supplies,Paper,5,75.93,0,379.65,2.53
ORD-2663,10-05-2024,CUST-409,49,Female,South,Office Supplies,Art,1,191.3,0,191.3,-9.69
ORD-2664,08-03-2024,CUST-393,22,Female,East,Office Supplies,Art,2,313.03,0.1,563.45,180.9
ORD-2665,17-03-2024,CUST-595,20,Female,South,Technology,Copiers,8,295.39,0.3,1654.18,73.28
ORD-2666,03-11-2023,CUST-76,43,Male,East,Office Supplies,Storage,7,395.54,0.3,1938.15,-90.98
ORD-2667,07-06-2023,CUST-418,37,Male,Central,Office Supplies,Paper,8,65.31,0.1,470.23,-44.5
ORD-2668,25-06-2022,CUST-585,38,Female,East,Furniture,Tables,6,469.52,0,2817.12,922.48
ORD-2669,29-10-2022,CUST-208,28,Female,South,Furniture,Sofas,4,5.15,0.2,16.48,-1.5
ORD-2670,06-01-2023,CUST-302,50,Male,Central,Technology,Machines,9,440.97,0.1,3571.86,1020.44
ORD-2671,29-01-2023,CUST-342,30,Female,Central,Furniture,Tables,2,182.79,0,365.58,41.57
ORD-2672,29-07-2024,CUST-591,42,Male,West,Furniture,Sofas,4,353.93,0.15,1203.36,211.13
ORD-2673,18-10-2023,CUST-420,37,Male,Central,Furniture,Chairs,4,310.9,0.15,1057.06,352.25
ORD-2674,18-02-2024,CUST-519,44,Female,West,Office Supplies,Art,3,444.66,0.15,1133.88,64.54
ORD-2675,13-05-2022,CUST-249,49,Female,East,Office Supplies,Art,5,229.7,0,1148.5,283.85
ORD-2676,11-05-2022,CUST-283,43,Female,Central,Technology,Copiers,4,323.16,0,1292.64,450.54
ORD-2677,23-11-2022,CUST-185,32,Female,Central,Office Supplies,Art,8,173.83,0,1390.64,411.12
ORD-2678,28-08-2023,CUST-262,48,Male,West,Furniture,Bookcases,3,309.25,0.2,742.2,158.29
ORD-2679,20-11-2024,CUST-501,24,Male,South,Office Supplies,Paper,7,74.82,0.2,418.99,125.13
ORD-2680,21-03-2022,CUST-240,49,Female,Central,Furniture,Bookcases,4,450.14,0.15,1530.48,336.64
ORD-2681,05-05-2024,CUST-216,37,Female,West,Furniture,Tables,6,431.53,0,2589.18,689.27
ORD-2682,23-08-2024,CUST-219,43,Male,Central,Office Supplies,Storage,4,366.73,0,1466.92,151.93
ORD-2683,25-03-2024,CUST-375,36,Female,East,Office Supplies,Storage,3,290.35,0.3,609.74,27.68
ORD-2684,30-09-2023,CUST-482,28,Female,Central,Office Supplies,Storage,1,79.16,0.1,71.24,-1.45
ORD-2685,20-06-2023,CUST-340,45,Female,South,Office Supplies,Binders,3,468.55,0,1405.65,137.13
ORD-2686,18-09-2022,CUST-330,44,Female,South,Furniture,Sofas,6,454.08,0.2,2179.58,231.64
ORD-2687,16-05-2022,CUST-449,35,Male,South,Furniture,Tables,9,316.19,0.2,2276.57,589.22
ORD-2688,06-11-2024,CUST-125,40,Female,Central,Furniture,Chairs,2,177.89,0.1,320.2,102.54
ORD-2689,31-05-2024,CUST-392,33,Female,South,Technology,Accessories,8,193.83,0,1550.64,530.04
ORD-2690,03-11-2023,CUST-223,39,Male,South,Furniture,Tables,1,314.76,0,314.76,3.04
ORD-2691,19-06-2023,CUST-356,47,Male,East,Technology,Machines,7,57.42,0.1,361.75,64.69
ORD-2692,29-07-2023,CUST-477,39,Female,Central,Office Supplies,Binders,5,147.43,0.3,516,-41.88
ORD-2693,17-03-2023,CUST-483,18,Male,East,Furniture,Chairs,9,353.62,0.15,2705.19,567.06
ORD-2694,24-04-2022,CUST-121,37,Male,East,Furniture,Sofas,6,72.46,0,434.76,139.59
ORD-2695,06-11-2022,CUST-386,37,Female,East,Technology,Accessories,8,244.79,0.1,1762.49,-129.02
ORD-2696,09-02-2023,CUST-528,22,Female,South,Office Supplies,Paper,5,385.27,0,1926.35,76.78
ORD-2697,19-06-2023,CUST-293,46,Female,South,Furniture,Sofas,5,150.09,0,750.45,-52.78
ORD-2698,20-12-2024,CUST-498,68,Male,East,Furniture,Chairs,6,490.1,0,2940.6,690.7
ORD-2699,02-03-2023,CUST-323,48,Male,South,Technology,Copiers,7,288.47,0.15,1716.4,403.85
ORD-2700,07-03-2022,CUST-595,40,Female,West,Furniture,Bookcases,5,487.39,0,2436.95,274.64
ORD-2701,10-01-2023,CUST-301,31,Male,West,Office Supplies,Paper,6,107.9,0.1,582.66,200.61
ORD-2702,01-08-2023,CUST-389,52,Male,South,Furniture,Tables,8,223.37,0.2,1429.57,182.13
ORD-2703,27-08-2022,CUST-582,50,Female,South,Furniture,Tables,7,217.24,0.2,1216.54,299.58
ORD-2704,12-03-2024,CUST-523,56,Male,Central,Office Supplies,Storage,3,448.25,0,1344.75,387.87
ORD-2705,28-06-2024,CUST-381,23,Male,Central,Office Supplies,Art,6,174.21,0.3,731.68,-56.32
ORD-2706,29-01-2023,CUST-441,35,Male,East,Furniture,Bookcases,2,17.11,0,34.22,-1.45
ORD-2707,17-07-2022,CUST-48,32,Female,West,Office Supplies,Paper,7,307.57,0,2152.99,-5.12
ORD-2708,05-09-2023,CUST-33,20,Female,East,Technology,Copiers,8,42.81,0.15,291.11,-19.97
ORD-2709,11-04-2022,CUST-554,44,Female,South,Technology,Machines,5,288.13,0.2,1152.52,219.52
ORD-2710,27-11-2023,CUST-144,18,Female,Central,Technology,Accessories,6,199.5,0.2,957.6,326.46
ORD-2711,01-09-2024,CUST-366,38,Female,South,Office Supplies,Binders,8,287.14,0,2297.12,456.37
ORD-2712,17-07-2023,CUST-318,34,Female,East,Technology,Machines,8,351.86,0.1,2533.39,-183.67
ORD-2713,10-04-2023,CUST-184,65,Male,West,Technology,Phones,7,161.71,0.3,792.38,209.64
ORD-2714,03-10-2022,CUST-366,41,Female,East,Technology,Copiers,9,193.38,0.3,1218.29,120.14
ORD-2715,02-05-2023,CUST-570,41,Male,South,Furniture,Bookcases,8,214.3,0.3,1200.08,102.18
ORD-2716,16-03-2024,CUST-524,35,Male,West,Furniture,Sofas,9,83.18,0.1,673.76,225.61
ORD-2717,10-12-2024,CUST-556,35,Female,South,Office Supplies,Storage,5,38.26,0,191.3,-2.1
ORD-2718,18-02-2024,CUST-358,18,Female,East,Office Supplies,Paper,2,118.51,0.1,213.32,55.6
ORD-2719,26-10-2024,CUST-499,44,Female,West,Technology,Phones,7,430.76,0.3,2110.72,25.89
ORD-2720,11-03-2022,CUST-125,53,Female,Central,Technology,Copiers,9,344.59,0,3101.31,-138.26
ORD-2721,08-05-2024,CUST-331,35,Male,South,Furniture,Chairs,9,339.95,0.3,2141.68,532.61
ORD-2722,07-02-2024,CUST-35,44,Female,Central,Office Supplies,Storage,7,137.99,0,965.93,146.31
ORD-2723,07-07-2023,CUST-343,25,Female,South,Office Supplies,Binders,5,274.93,0,1374.65,413.77
ORD-2724,04-05-2023,CUST-462,36,Male,East,Furniture,Sofas,7,350.8,0.1,2210.04,350.65
ORD-2725,15-11-2024,CUST-468,24,Male,West,Furniture,Bookcases,3,412.2,0,1236.6,-102.44
ORD-2726,10-07-2024,CUST-360,20,Male,East,Technology,Copiers,4,228.9,0.15,778.26,97.64
ORD-2727,04-11-2024,CUST-170,50,Male,West,Technology,Accessories,1,427.2,0,427.2,72.28
ORD-2728,03-09-2022,CUST-244,34,Male,South,Technology,Accessories,7,369.6,0,2587.2,-235.14
ORD-2729,05-04-2024,CUST-134,60,Male,West,Office Supplies,Art,6,189.79,0.1,1024.87,-73.11
ORD-2730,25-01-2022,CUST-365,41,Female,West,Office Supplies,Art,3,316.35,0.15,806.69,-18.36
ORD-2731,04-03-2023,CUST-561,22,Male,West,Office Supplies,Storage,3,405.01,0.1,1093.53,-20.38
ORD-2732,10-08-2023,CUST-33,31,Female,East,Technology,Machines,9,72.09,0.2,519.05,120
ORD-2733,14-08-2022,CUST-300,48,Male,East,Technology,Machines,7,210.66,0.1,1327.16,97.73
ORD-2734,10-11-2022,CUST-26,31,Male,South,Technology,Machines,7,187.45,0.1,1180.94,216
ORD-2735,01-06-2024,CUST-221,32,Female,West,Technology,Accessories,4,399.36,0,1597.44,46.98
ORD-2736,22-09-2024,CUST-68,42,Male,Central,Furniture,Bookcases,5,469.05,0,2345.25,437.68
ORD-2737,17-11-2022,CUST-564,41,Female,East,Office Supplies,Art,8,374.75,0,2998,404.82
ORD-2738,31-07-2023,CUST-426,18,Female,South,Furniture,Tables,2,334.5,0.1,602.1,181.06
ORD-2739,12-09-2022,CUST-46,32,Male,Central,Office Supplies,Paper,6,397.69,0.2,1908.91,-162.29
ORD-2740,24-11-2024,CUST-553,36,Male,East,Technology,Phones,4,6.71,0,26.84,1.89
ORD-2741,27-10-2023,CUST-68,39,Female,Central,Office Supplies,Binders,5,260.54,0.2,1042.16,-7.82
ORD-2742,04-11-2024,CUST-567,18,Male,South,Office Supplies,Paper,6,310.33,0,1861.98,159.9
ORD-2743,01-09-2022,CUST-184,,Female,West,Technology,Accessories,8,440.27,0.2,2817.73,20.88
ORD-2744,29-11-2023,CUST-399,41,Female,South,Office Supplies,Binders,2,390.44,0.1,702.79,57
ORD-2745,05-10-2024,CUST-257,44,Male,East,Office Supplies,Paper,4,358.79,0.1,1291.64,267.98
ORD-2746,25-10-2024,CUST-86,55,Male,South,Office Supplies,Binders,2,403.94,0,807.88,28.5
ORD-2747,07-01-2023,CUST-399,52,Female,South,Furniture,Chairs,7,131.13,0,917.91,194.28
ORD-2748,11-12-2024,CUST-323,53,Female,West,Technology,Accessories,3,207.26,0.2,497.42,-14.36
ORD-2749,26-12-2022,CUST-271,49,Female,East,Furniture,Chairs,5,193.48,0,967.4,275.8
ORD-2750,28-01-2022,CUST-374,34,Male,East,Technology,Machines,7,285.88,0,2001.16,140.27
ORD-2751,06-08-2022,CUST-370,45,Female,South,Technology,Machines,3,363.64,0,1090.92,-108.52
ORD-2752,02-06-2024,CUST-323,32,Male,South,Furniture,Bookcases,7,20.28,0,141.96,11.05
ORD-2753,01-02-2024,CUST-173,36,Male,West,Office Supplies,Art,7,186.71,0.1,1176.27,306.27
ORD-2754,30-01-2023,CUST-384,23,Male,Central,Technology,Machines,2,288.32,0,576.64,85.8
ORD-2755,08-04-2023,CUST-597,44,Male,South,Technology,Accessories,6,462.68,0.15,2359.67,-117.52
ORD-2756,12-03-2022,CUST-243,22,Female,West,Office Supplies,Art,6,222.36,0.15,1134.04,-58.04
ORD-2757,14-06-2023,CUST-380,52,Female,East,Office Supplies,Art,3,199.83,0,599.49,54.47
ORD-2758,13-05-2024,CUST-392,46,Male,Central,Office Supplies,Paper,9,266.08,0,2394.72,324.93
ORD-2759,23-05-2023,CUST-513,42,Female,Central,Office Supplies,Storage,6,100.64,0.2,483.07,-25.63
ORD-2760,29-02-2024,CUST-297,33,Male,West,Technology,Copiers,3,200.81,0.3,421.7,96.87
ORD-2761,28-08-2022,CUST-226,34,Male,East,Furniture,Tables,6,415.45,0,2492.7,1
ORD-2762,27-01-2022,CUST-184,43,Male,South,Technology,Copiers,9,427,0.1,3458.7,649.77
ORD-2763,07-09-2024,CUST-592,65,Male,Central,Furniture,Bookcases,1,204.48,0.15,173.81,36.12
ORD-2764,06-11-2024,CUST-355,44,Male,South,Furniture,Chairs,7,499.33,0,3495.31,473.43
ORD-2765,21-03-2022,CUST-503,18,Male,East,Office Supplies,Art,9,350.21,0.15,2679.11,39.3
ORD-2766,31-08-2022,CUST-322,34,Female,East,Office Supplies,Art,8,300.88,0,2407.04,461.28
ORD-2767,08-04-2024,CUST-89,48,Male,West,Office Supplies,Storage,4,259.81,0.2,831.39,-54.67
ORD-2768,16-05-2023,CUST-272,38,Male,East,Technology,Copiers,6,249.18,0.1,1345.57,456.77
ORD-2769,12-05-2024,CUST-43,45,Female,East,Technology,Phones,8,470.8,0.2,3013.12,392.16
ORD-2770,22-12-2024,CUST-130,33,Male,West,Furniture,Bookcases,3,77.09,0.2,185.02,35.06
ORD-2771,22-09-2023,CUST-23,34,Female,South,Technology,Machines,1,352.65,0.15,299.75,39.18
ORD-2772,24-05-2022,CUST-107,37,Male,Central,Office Supplies,Paper,2,89.72,0.2,143.55,21.28
ORD-2773,06-03-2023,CUST-520,30,Female,Central,Office Supplies,Storage,1,360.18,0,360.18,90.74
ORD-2774,30-07-2023,CUST-566,22,Male,East,Furniture,Tables,1,148.71,0,148.71,16.94
ORD-2775,30-06-2024,CUST-414,40,Female,South,Office Supplies,Paper,8,101.8,0.15,692.24,180.44
ORD-2776,25-09-2024,CUST-509,27,Male,West,Technology,Accessories,4,120.07,0,480.28,47.35
ORD-2777,05-01-2022,CUST-596,22,Female,East,Technology,Phones,6,20.93,0,125.58,32.05
ORD-2778,27-01-2022,CUST-559,54,Female,West,Furniture,Chairs,6,430.3,0.3,1807.26,226.25
ORD-2779,22-07-2022,CUST-198,42,Male,East,Furniture,Chairs,2,422.02,0,844.04,217.42
ORD-2780,02-12-2024,CUST-232,40,Male,Central,Office Supplies,Storage,7,342.54,0.1,2158,199.1
ORD-2781,30-09-2022,CUST-117,51,Female,West,Office Supplies,Binders,6,402.77,0,2416.62,331.85
ORD-2782,15-07-2022,CUST-23,45,Male,Central,Office Supplies,Paper,3,50.22,0.3,105.46,35.9
ORD-2783,11-09-2023,CUST-163,38,Male,West,Technology,Accessories,2,249.69,0.1,449.44,28.44
ORD-2784,22-12-2024,CUST-39,29,Female,South,Technology,Copiers,4,26.08,0.3,73.02,15.89
ORD-2785,25-07-2024,CUST-316,34,Female,West,Furniture,Tables,6,272.68,0.15,1390.67,379.16
ORD-2786,20-09-2023,CUST-419,49,Female,South,Office Supplies,Art,6,379.73,0.1,2050.54,392.47
ORD-2787,26-03-2022,CUST-266,18,Female,South,Technology,Accessories,8,64.74,0.1,466.13,-30.01
ORD-2788,07-05-2024,CUST-47,45,Female,East,Furniture,Sofas,4,449.95,0.15,1529.83,446.77
ORD-2789,14-10-2024,CUST-16,23,Female,West,Furniture,Tables,5,425.97,0.2,1703.88,400.81
ORD-2790,25-05-2023,CUST-14,41,Female,East,Furniture,Sofas,1,191.1,0.2,152.88,-14.11
ORD-2791,19-09-2024,CUST-576,40,Female,East,Technology,Machines,1,414.37,0,414.37,41.74
ORD-2792,29-12-2023,CUST-47,31,Male,South,Technology,Accessories,1,257.28,0.15,218.69,-17.4
ORD-2793,12-07-2024,CUST-231,41,Female,Central,Technology,Accessories,9,219.14,0,1972.26,28.4
ORD-2794,08-12-2024,CUST-31,53,Female,West,Technology,Phones,3,140.25,0,420.75,81.82
ORD-2795,27-01-2023,CUST-395,32,Male,East,Technology,Copiers,2,184.22,0.3,257.91,74.32
ORD-2796,06-05-2024,CUST-443,41,Male,South,Office Supplies,Paper,1,483.39,0,483.39,-34.8
ORD-2797,27-05-2024,CUST-170,44,Male,South,Office Supplies,Paper,2,444.17,0.15,755.09,-8.59
ORD-2798,04-03-2024,CUST-216,33,Female,Central,Technology,Accessories,3,121.8,0,365.4,19.7
ORD-2799,27-01-2022,CUST-207,30,Female,West,Office Supplies,Paper,5,365.98,0,1829.9,117.71
ORD-2800,20-08-2023,CUST-183,25,Male,West,Technology,Phones,7,479.35,0,3355.45,636.32
ORD-2801,06-02-2024,CUST-22,38,Female,South,Technology,Accessories,7,227.03,0,1589.21,62.54
ORD-2802,05-12-2022,CUST-78,24,Male,West,Office Supplies,Storage,3,150.92,0.2,362.21,77.34
ORD-2803,28-09-2023,CUST-98,48,Female,West,Technology,Copiers,2,426.11,0,852.22,-82.33
ORD-2804,12-12-2023,CUST-436,21,Female,West,Office Supplies,Binders,1,238.29,0.1,214.46,-12.48
ORD-2805,19-09-2022,CUST-169,27,Male,West,Furniture,Sofas,1,227.42,0.2,181.94,52.69
ORD-2806,30-11-2022,CUST-4,57,Female,South,Office Supplies,Storage,3,52.87,0.3,111.03,14.48
ORD-2807,15-04-2023,CUST-370,53,Female,East,Technology,Copiers,6,152.35,0.1,822.69,-74.2
ORD-2808,25-10-2024,CUST-561,50,Male,Central,Technology,Copiers,5,93.99,0.1,422.96,116.62
ORD-2809,19-04-2024,CUST-431,33,Male,West,Technology,Accessories,6,488.77,0.1,2639.36,341.52
ORD-2810,21-11-2024,CUST-30,50,Female,South,Technology,Copiers,3,94.7,0,284.1,3.69
ORD-2811,05-08-2024,CUST-126,24,Female,Central,Furniture,Chairs,9,46.84,0.1,379.4,121.34
ORD-2812,05-10-2024,CUST-310,46,Female,West,Furniture,Sofas,9,16.9,0.3,106.47,-10.14
ORD-2813,15-10-2024,CUST-133,41,Male,South,Technology,Accessories,4,27.22,0.2,87.1,24.09
ORD-2814,30-01-2022,CUST-540,54,Female,West,Technology,Machines,9,472.73,0.1,3829.11,877.08
ORD-2815,30-05-2023,CUST-599,54,Female,East,Technology,Phones,5,343.11,0.3,1200.88,42.34
ORD-2816,04-08-2024,CUST-240,28,Male,South,Office Supplies,Binders,2,73.33,0,146.66,-5.63
ORD-2817,10-06-2023,CUST-147,29,Male,East,Technology,Copiers,4,8.06,0.1,29.02,1.81
ORD-2818,29-08-2023,CUST-523,48,Male,Central,Office Supplies,Paper,3,64.41,0.15,164.25,0.04
ORD-2819,21-03-2022,CUST-596,51,Male,East,Office Supplies,Storage,5,115.37,0.1,519.17,4.96
ORD-2820,14-10-2024,CUST-411,60,Female,South,Office Supplies,Binders,5,361.89,0.15,1538.03,509.63
ORD-2821,24-12-2022,CUST-552,54,Male,West,Technology,Phones,6,476.63,0.1,2573.8,97.78
ORD-2822,31-12-2022,CUST-210,38,Female,Central,Technology,Copiers,6,55.41,0.15,282.59,-5.3
ORD-2823,05-05-2024,CUST-10,31,Male,Central,Technology,Phones,2,287.07,0,574.14,142.63
ORD-2824,31-03-2023,CUST-486,57,Male,South,Furniture,Bookcases,6,203.3,0.15,1036.83,274
ORD-2825,05-08-2023,CUST-569,51,Male,South,Technology,Accessories,4,114.62,0,458.48,146.8
ORD-2826,25-04-2022,CUST-16,27,Male,East,Technology,Phones,3,239.9,0,719.7,-54.91
ORD-2827,05-08-2024,CUST-237,27,Female,East,Furniture,Tables,2,443.43,0.2,709.49,-4.16
ORD-2828,21-08-2023,CUST-209,27,Female,Central,Office Supplies,Storage,7,191.79,0.1,1208.28,356.66
ORD-2829,10-12-2024,CUST-364,38,Female,Central,Office Supplies,Storage,7,194.01,0,1358.07,391.02
ORD-2830,16-08-2023,CUST-591,42,Male,Central,Office Supplies,Art,6,462,0.1,2494.8,841.35
ORD-2831,29-11-2024,CUST-43,27,Male,West,Technology,Machines,1,381.8,0.15,324.53,64.44
ORD-2832,16-12-2022,CUST-89,50,Female,Central,Office Supplies,Paper,9,107.24,0.1,868.64,202.45
ORD-2833,02-08-2022,CUST-387,27,Male,East,Technology,Machines,6,216.18,0,1297.08,200.44
ORD-2834,22-07-2022,CUST-3,55,Male,Central,Furniture,Tables,2,243.64,0.2,389.82,48.57
ORD-2835,26-04-2022,CUST-302,55,Male,West,Office Supplies,Binders,8,102.27,0.1,736.34,205.68
ORD-2836,11-06-2023,CUST-126,24,Male,South,Office Supplies,Art,7,64.92,0,454.44,32.19
ORD-2837,20-09-2022,CUST-530,20,Female,West,Office Supplies,Paper,8,493.58,0,3948.64,698.4
ORD-2838,02-11-2023,CUST-15,35,Male,South,Technology,Phones,5,438.15,0.2,1752.6,299.17
ORD-2839,25-10-2022,CUST-357,58,Female,South,Technology,Copiers,3,384.96,0,1154.88,346.9
ORD-2840,03-06-2023,CUST-571,50,Male,East,Office Supplies,Art,2,257.15,0.15,437.16,54.37
ORD-2841,23-03-2023,CUST-360,42,Female,East,Office Supplies,Binders,2,254.55,0.2,407.28,60.06
ORD-2842,18-05-2022,CUST-307,50,Male,East,Office Supplies,Art,4,177.47,0.15,603.4,-1.3
ORD-2843,03-09-2023,CUST-564,29,Female,East,Furniture,Bookcases,6,397.21,0,2383.26,238.21
ORD-2844,10-01-2022,CUST-11,31,Female,East,Office Supplies,Binders,7,361.73,0.15,2152.29,-65.02
ORD-2845,08-01-2023,CUST-349,22,Female,East,Office Supplies,Paper,1,459.45,0,459.45,118.41
ORD-2846,20-10-2022,CUST-309,26,Female,East,Technology,Accessories,1,105.89,0,105.89,-10.25
ORD-2847,06-07-2024,CUST-42,50,Female,East,Furniture,Chairs,2,124.88,0.15,212.3,50.91
ORD-2848,12-06-2022,CUST-316,50,Female,East,Furniture,Chairs,4,400,0,1600,359.38
ORD-2849,19-10-2023,CUST-498,18,Female,Central,Furniture,Sofas,3,59.76,0,179.28,30.08
ORD-2850,10-12-2024,CUST-554,37,Female,South,Furniture,Sofas,8,251.69,0,2013.52,-70.61
ORD-2851,18-06-2022,CUST-402,51,Female,West,Office Supplies,Storage,6,196.69,0.1,1062.13,364.64
ORD-2852,20-05-2022,CUST-71,44,Male,West,Furniture,Tables,3,366.71,0,1100.13,139.78
ORD-2853,23-03-2023,CUST-24,31,Male,South,Office Supplies,Binders,4,404.09,0.15,1373.91,324.57
ORD-2854,30-04-2022,CUST-423,48,Male,West,Office Supplies,Art,2,242.37,0.1,436.27,18.93
ORD-2855,25-03-2022,CUST-153,52,Male,East,Office Supplies,Binders,1,211.66,0.15,179.91,25.94
ORD-2856,07-04-2024,CUST-494,67,Male,East,Office Supplies,Binders,3,118.84,0.1,320.87,-22.35
ORD-2857,03-04-2024,CUST-349,31,Female,South,Office Supplies,Binders,9,72.15,0,649.35,26.02
ORD-2858,30-05-2023,CUST-210,55,Male,South,Furniture,Bookcases,1,437.54,0.1,393.79,19.31
ORD-2859,19-12-2024,CUST-235,36,Female,Central,Furniture,Bookcases,4,136.56,0.1,491.62,57.01
ORD-2860,20-10-2024,CUST-556,59,Female,Central,Office Supplies,Binders,1,140.64,0.3,98.45,-6.45
ORD-2861,19-03-2024,CUST-542,51,Male,South,Office Supplies,Art,2,74.31,0.1,133.76,-8.85
ORD-2862,12-02-2024,CUST-175,21,Female,Central,Office Supplies,Paper,3,466.65,0.1,1259.96,192.2
ORD-2863,15-05-2024,CUST-241,60,Female,East,Technology,Machines,5,453.87,0.15,1928.95,425.42
ORD-2864,03-03-2024,CUST-160,43,Male,South,Office Supplies,Art,8,73.49,0.2,470.34,153.69
ORD-2865,15-05-2023,CUST-432,18,Male,Central,Office Supplies,Paper,1,39.7,0,39.7,2.02
ORD-2866,25-12-2024,CUST-569,41,Male,South,Furniture,Tables,5,129.58,0,647.9,-19.9
ORD-2867,07-10-2022,CUST-137,40,Male,Central,Technology,Accessories,3,366.1,0.1,988.47,195.39
ORD-2868,12-05-2022,CUST-213,40,Male,West,Technology,Machines,9,292.73,0,2634.57,280.87
ORD-2869,11-12-2024,CUST-44,61,Male,East,Technology,Phones,7,281.71,0,1971.97,372.05
ORD-2870,18-09-2022,CUST-25,45,Female,Central,Furniture,Chairs,7,421.1,0,2947.7,186.66
ORD-2871,18-01-2022,CUST-12,45,Male,Central,Technology,Phones,2,14.27,0,28.54,-1.89
ORD-2872,21-05-2024,CUST-42,26,Female,Central,Office Supplies,Storage,3,379.46,0,1138.38,252.52
ORD-2873,19-01-2023,CUST-108,18,Female,East,Office Supplies,Paper,6,474.8,0.3,1994.16,235.06
ORD-2874,25-03-2022,CUST-403,41,Female,West,Technology,Machines,5,88.66,0.1,398.97,69.04
ORD-2875,17-12-2023,CUST-373,18,Female,East,Furniture,Tables,2,106.52,0.1,191.74,-6.32
ORD-2876,10-06-2024,CUST-281,34,Female,West,Technology,Copiers,7,403.51,0,2824.57,636.29
ORD-2877,25-05-2024,CUST-212,33,Male,East,Furniture,Tables,2,103.62,0.3,145.07,-8.21
ORD-2878,18-12-2023,CUST-149,32,Female,South,Technology,Machines,9,286.9,0,2582.1,568.2
ORD-2879,27-07-2024,CUST-340,44,Female,Central,Office Supplies,Storage,3,255.97,0.15,652.72,141.99
ORD-2880,10-09-2022,CUST-154,36,Female,West,Technology,Copiers,8,388.13,0,3105.04,91.75
ORD-2881,06-04-2024,CUST-266,48,Male,South,Technology,Accessories,1,322.66,0.2,258.13,65.35
ORD-2882,20-11-2024,CUST-89,33,Male,Central,Office Supplies,Binders,8,80.63,0.1,580.54,99.31
ORD-2883,07-04-2023,CUST-322,33,Male,South,Technology,Accessories,4,178.9,0,715.6,33.64
ORD-2884,19-12-2024,CUST-557,37,Male,Central,Technology,Phones,2,420.1,0.15,714.17,227.73
ORD-2885,24-06-2022,CUST-376,37,Male,South,Furniture,Chairs,1,94.29,0.1,84.86,16.64
ORD-2886,14-05-2022,CUST-401,35,Male,West,Office Supplies,Art,1,16.43,0.15,13.97,3.92
ORD-2887,18-01-2024,CUST-265,38,Male,Central,Furniture,Sofas,5,289.48,0.1,1302.66,-61.23
ORD-2888,26-08-2024,CUST-390,25,Male,South,Office Supplies,Binders,4,322.16,0.2,1030.91,59.03
ORD-2889,06-03-2023,CUST-401,44,Female,East,Technology,Machines,5,55.85,0.1,251.32,44.41
ORD-2890,02-06-2023,CUST-595,25,Male,West,Technology,Machines,9,292.26,0,2630.34,364.03
ORD-2891,08-09-2023,CUST-263,56,Female,West,Furniture,Tables,8,317.61,0,2540.88,63.34
ORD-2892,21-05-2024,CUST-347,37,Female,Central,Furniture,Sofas,6,91.66,0,549.96,90.03
ORD-2893,01-10-2023,CUST-289,43,Female,East,Technology,Accessories,2,478.96,0.1,862.13,-5.4
ORD-2894,06-05-2022,CUST-169,39,Female,West,Office Supplies,Paper,1,36.87,0,36.87,6.38
ORD-2895,16-09-2023,CUST-337,27,Female,South,Technology,Phones,4,218.18,0,872.72,193.24
ORD-2896,26-03-2024,CUST-57,38,Female,Central,Technology,Copiers,8,372.92,0.1,2685.02,-233.93
ORD-2897,30-06-2024,CUST-11,49,Male,East,Office Supplies,Storage,2,198.57,0.1,357.43,124.59
ORD-2898,28-01-2023,CUST-24,56,Male,South,Office Supplies,Art,8,439.7,0.1,3165.84,7.82
ORD-2899,07-04-2023,CUST-499,38,Female,West,Technology,Accessories,9,206.34,0.1,1671.35,541.78
ORD-2900,05-12-2022,CUST-473,18,Male,Central,Technology,Copiers,3,35.71,0,107.13,3.68
ORD-2901,17-04-2024,CUST-232,44,Male,East,Furniture,Sofas,3,100.3,0.1,270.81,-24.52
ORD-2902,07-08-2024,CUST-265,40,Male,West,Office Supplies,Art,1,63.94,0,63.94,3.2
ORD-2903,04-08-2022,CUST-42,41,Male,West,Office Supplies,Storage,7,471.19,0.1,2968.5,937.23
ORD-2904,10-10-2024,CUST-598,24,Male,East,Office Supplies,Paper,8,15.39,0.1,110.81,35.35
ORD-2905,01-03-2024,CUST-331,18,Female,Central,Furniture,Chairs,5,57.65,0,288.25,19.2
ORD-2906,15-04-2022,CUST-303,33,Male,Central,Furniture,Bookcases,3,282.57,0.15,720.55,47.17
ORD-2907,12-10-2023,CUST-129,45,Female,Central,Office Supplies,Paper,8,260.99,0.1,1879.13,-78.07
ORD-2908,31-07-2024,CUST-238,56,Female,South,Office Supplies,Art,4,482.41,0.2,1543.71,293.3
ORD-2909,02-11-2024,CUST-400,21,Female,South,Office Supplies,Binders,1,135.47,0.15,115.15,16.02
ORD-2910,01-08-2022,CUST-92,18,Male,East,Office Supplies,Binders,7,462.51,0,3237.57,139.58
ORD-2911,19-09-2023,CUST-265,29,Male,South,Furniture,Bookcases,6,351.2,0,2107.2,217.96
ORD-2912,26-09-2024,CUST-288,39,Male,West,Furniture,Chairs,2,27.27,0,54.54,10.67
ORD-2913,22-11-2024,CUST-98,26,Male,West,Technology,Copiers,3,200.01,0.1,540.03,35.31
ORD-2914,15-12-2022,CUST-545,37,Male,East,Technology,Machines,8,98.78,0.1,711.22,119.27
ORD-2915,24-10-2022,CUST-94,40,Male,South,Office Supplies,Binders,8,333.53,0.3,1867.77,505.33
ORD-2916,22-12-2023,CUST-567,51,Male,East,Technology,Accessories,4,168.26,0,673.04,76.85
ORD-2917,07-09-2024,CUST-297,28,Female,South,Technology,Machines,6,422.31,0.15,2153.78,276.76
ORD-2918,04-07-2024,CUST-76,23,Female,West,Office Supplies,Storage,6,244,0.2,1171.2,142.38
ORD-2919,09-07-2022,CUST-445,42,Female,West,Technology,Phones,8,47.01,0,376.08,122.34
ORD-2920,02-03-2024,CUST-331,43,Male,West,Office Supplies,Paper,7,420.54,0.15,2502.21,-183.93
ORD-2921,03-08-2024,CUST-91,22,Male,South,Furniture,Tables,8,460.75,0.15,3133.1,725.93
ORD-2922,08-12-2023,CUST-319,33,Male,East,Technology,Phones,9,36.54,0.2,263.09,45.61
ORD-2923,03-05-2023,CUST-85,38,Male,South,Technology,Copiers,3,177.81,0.15,453.42,34.08
ORD-2924,15-11-2023,CUST-146,27,Male,East,Office Supplies,Art,4,275.78,0.1,992.81,-83.42
ORD-2925,15-01-2023,CUST-560,42,Male,Central,Office Supplies,Paper,8,376.5,0,3012,-258.37
ORD-2926,03-02-2024,CUST-343,41,Male,East,Technology,Accessories,6,184.78,0.2,886.94,240.46
ORD-2927,07-11-2023,CUST-545,30,Female,South,Office Supplies,Art,9,101.43,0.1,821.58,217.54
ORD-2928,24-11-2022,CUST-201,30,Male,East,Office Supplies,Storage,7,25.76,0,180.32,58.45
ORD-2929,25-02-2022,CUST-581,36,Female,South,Office Supplies,Binders,8,166.84,0.1,1201.25,236.71
ORD-2930,01-05-2023,CUST-557,52,Female,East,Office Supplies,Art,5,218.92,0.15,930.41,-87.55
ORD-2931,19-12-2023,CUST-291,31,Male,South,Technology,Phones,2,322.23,0.3,451.12,151.12
ORD-2932,07-06-2024,CUST-487,55,Male,South,Office Supplies,Art,1,219.23,0.15,186.35,28.98
ORD-2933,01-10-2022,CUST-93,36,Male,South,Office Supplies,Paper,6,34.42,0.1,185.87,64.08
ORD-2934,12-07-2024,CUST-563,66,Male,East,Technology,Copiers,7,68.08,0.1,428.9,-11.16
ORD-2935,10-11-2022,CUST-291,33,Male,East,Office Supplies,Storage,4,60.26,0.1,216.94,42.63
ORD-2936,11-08-2023,CUST-454,61,Male,Central,Technology,Phones,3,277.42,0.15,707.42,19.24
ORD-2937,19-05-2024,CUST-539,48,Male,South,Furniture,Sofas,1,292.05,0,292.05,-16.91
ORD-2938,23-07-2023,CUST-396,26,Male,South,Office Supplies,Binders,7,178.05,0,1246.35,321.68
ORD-2939,15-12-2022,CUST-146,50,Female,Central,Furniture,Sofas,9,97.86,0.15,748.63,237.26
ORD-2940,23-07-2022,CUST-160,51,Female,East,Furniture,Bookcases,9,478.32,0.15,3659.15,997.95
ORD-2941,18-07-2022,CUST-160,26,Male,Central,Technology,Phones,1,215.43,0,215.43,24.21
ORD-2942,08-07-2023,CUST-329,31,Male,South,Office Supplies,Art,8,82,0,656,85.67
ORD-2943,20-09-2024,CUST-66,48,Female,Central,Office Supplies,Storage,7,475.57,0,3328.99,432.65
ORD-2944,04-09-2023,CUST-424,38,Female,South,Technology,Machines,3,487.26,0.2,1169.42,-47.69
ORD-2945,07-01-2022,CUST-52,49,Female,West,Technology,Accessories,1,479.01,0,479.01,112.81
ORD-2946,27-08-2024,CUST-523,29,Female,East,Furniture,Tables,9,269.63,0.2,1941.34,255.55
ORD-2947,14-09-2024,CUST-541,52,Male,West,Office Supplies,Art,8,200.51,0.15,1363.47,329.11
ORD-2948,27-05-2024,CUST-320,36,Male,East,Furniture,Chairs,1,369.88,0.2,295.9,1.12
ORD-2949,19-05-2023,CUST-115,33,Male,West,Office Supplies,Binders,1,197.26,0.3,138.08,33.92
ORD-2950,04-12-2024,CUST-171,54,Female,East,Furniture,Chairs,8,236.75,0.2,1515.2,371.86
ORD-2951,10-06-2022,CUST-6,40,Female,Central,Technology,Machines,8,445.03,0.15,3026.2,959.14
ORD-2952,04-03-2022,CUST-398,30,Female,East,Office Supplies,Binders,9,68.4,0,615.6,113.03
ORD-2953,26-09-2023,CUST-428,36,Male,South,Technology,Machines,9,34.16,0.1,276.7,51.49
ORD-2954,30-09-2024,CUST-179,18,Female,West,Furniture,Bookcases,1,332.87,0.1,299.58,-22.09
ORD-2955,13-12-2024,CUST-406,47,Female,South,Technology,Machines,2,461.16,0.1,830.09,177.04
ORD-2956,02-06-2024,CUST-536,43,Female,Central,Office Supplies,Binders,4,414.35,0,1657.4,429.39
ORD-2957,20-06-2022,CUST-545,40,Male,South,Furniture,Bookcases,4,45.77,0.2,146.46,24.4
ORD-2958,18-08-2022,CUST-147,36,Female,Central,Furniture,Tables,6,383.16,0.15,1954.12,346.35
ORD-2959,12-03-2023,CUST-114,45,Male,South,Office Supplies,Paper,1,70.88,0.3,49.62,11.8
ORD-2960,10-04-2024,CUST-300,26,Female,West,Furniture,Sofas,9,305.34,0.1,2473.25,618.54
ORD-2961,23-05-2022,CUST-582,37,Female,West,Technology,Copiers,3,255.18,0,765.54,232.29
ORD-2962,29-01-2024,CUST-532,35,Female,West,Office Supplies,Binders,8,436.21,0,3489.68,4.93
ORD-2963,05-12-2022,CUST-290,64,Male,East,Technology,Copiers,5,161.23,0.3,564.3,189.8
ORD-2964,07-02-2024,CUST-52,39,Male,West,Furniture,Tables,6,319.09,0.15,1627.36,-50.63
ORD-2965,29-12-2022,CUST-45,42,Male,East,Office Supplies,Storage,5,398.06,0,1990.3,526.82
ORD-2966,19-07-2023,CUST-61,44,Male,East,Technology,Accessories,2,256.63,0.1,461.93,61.24
ORD-2967,13-06-2023,CUST-301,30,Male,South,Office Supplies,Binders,1,276.37,0.1,248.73,-15
ORD-2968,10-03-2023,CUST-225,23,Male,West,Office Supplies,Storage,4,411.85,0,1647.4,367.02
ORD-2969,20-07-2024,CUST-142,33,Male,West,Technology,Accessories,4,423.22,0.2,1354.3,265.41
ORD-2970,06-12-2023,CUST-184,28,Male,West,Furniture,Tables,3,467.24,0,1401.72,392.07
ORD-2971,23-04-2022,CUST-551,26,Male,West,Office Supplies,Paper,5,234.37,0.1,1054.66,300.54
ORD-2972,03-01-2022,CUST-371,60,Female,South,Furniture,Tables,6,184.09,0.3,773.18,-38.64
ORD-2973,10-02-2022,CUST-209,50,Male,Central,Furniture,Chairs,7,376.06,0.15,2237.56,433
ORD-2974,21-04-2023,CUST-162,56,Female,East,Technology,Accessories,6,142.56,0.1,769.82,126.48
ORD-2975,02-07-2023,CUST-357,50,Female,South,Office Supplies,Art,6,242.69,0,1456.14,103.97
ORD-2976,20-12-2023,CUST-503,47,Female,East,Furniture,Sofas,7,276.16,0,1933.12,-115.36
ORD-2977,01-01-2023,CUST-396,31,Male,Central,Office Supplies,Storage,4,196.75,0.1,708.3,74.17
ORD-2978,18-01-2023,CUST-239,50,Female,West,Office Supplies,Storage,5,204.92,0.15,870.91,150.37
ORD-2979,16-12-2022,CUST-87,39,Female,South,Office Supplies,Art,7,245.55,0,1718.85,475.82
ORD-2980,15-03-2022,CUST-36,25,Female,Central,Technology,Machines,7,425.06,0,2975.42,290.68
ORD-2981,14-10-2024,CUST-420,26,Female,South,Office Supplies,Paper,8,19.15,0,153.2,11.14
ORD-2982,23-10-2024,CUST-260,48,Female,Central,Office Supplies,Binders,2,75.22,0.15,127.87,6.54
ORD-2983,10-11-2023,CUST-369,47,Male,East,Technology,Machines,3,471.97,0.1,1274.32,175.58
ORD-2984,31-05-2024,CUST-499,24,Male,West,Office Supplies,Binders,3,431.06,0.2,1034.54,38.11
ORD-2985,09-10-2023,CUST-227,50,Female,East,Technology,Accessories,5,191.38,0.3,669.83,18.42
ORD-2986,22-12-2022,CUST-327,52,Male,West,Furniture,Sofas,7,236.53,0,1655.71,244.59
ORD-2987,03-12-2024,CUST-348,53,Female,West,Office Supplies,Binders,7,133.39,0.15,793.67,49.12
ORD-2988,09-07-2024,CUST-497,38,Male,South,Technology,Accessories,9,40.36,0.2,290.59,-17.09
ORD-2989,27-08-2024,CUST-459,33,Male,East,Technology,Phones,5,461.27,0.3,1614.44,418.92
ORD-2990,01-03-2023,CUST-561,42,Female,South,Technology,Accessories,3,376.57,0,1129.71,-111.55
ORD-2991,09-01-2023,CUST-404,48,Male,South,Office Supplies,Art,6,458.62,0,2751.72,348.18
ORD-2992,20-05-2023,CUST-498,27,Female,East,Technology,Copiers,3,456.24,0.1,1231.85,254.7
ORD-2993,26-07-2022,CUST-470,38,Male,East,Office Supplies,Art,9,112.62,0,1013.58,24.11
ORD-2994,26-03-2024,CUST-145,47,Male,Central,Office Supplies,Binders,1,161.08,0,161.08,52.72
ORD-2995,13-12-2024,CUST-155,29,Male,South,Technology,Machines,5,476.54,0.3,1667.89,-105.61
ORD-2996,01-06-2024,CUST-547,28,Male,South,Technology,Machines,9,54.36,0.15,415.85,124.26
ORD-2997,07-03-2022,CUST-530,44,Female,West,Furniture,Sofas,8,369.51,0.3,2069.26,-99.95
ORD-2998,25-04-2023,CUST-395,43,Female,Central,Technology,Accessories,8,324.41,0,2595.28,-165.15
ORD-2999,20-08-2024,CUST-126,37,Female,South,Office Supplies,Paper,5,23.79,0.1,107.06,16.96
ORD-1674,19-02-2023,CUST-23,55,Female,East,Furniture,Chairs,2,293.16,0,586.32,-15.29
ORD-2699,02-03-2023,CUST-323,48,Male,South,Technology,Copiers,7,288.47,0.15,1716.4,403.85
ORD-2282,03-08-2024,CUST-234,63,Female,East,Office Supplies,Binders,8,41.79,0,334.32,60.96
ORD-2315,27-03-2024,CUST-593,40,Female,Central,Office Supplies,Storage,9,370.27,0,3332.43,239.37
ORD-2210,22-10-2022,CUST-329,44,Male,West,Office Supplies,Binders,8,215.16,0.2,1377.02,-104.64
ORD-2636,29-01-2024,CUST-202,18,Male,East,Technology,Machines,1,221.17,0.2,176.94,-3.55
ORD-1613,02-08-2023,CUST-386,43,Female,East,Furniture,Tables,2,139.5,0.2,223.2,15.68
ORD-1447,21-12-2023,CUST-260,53,Female,West,Furniture,Sofas,9,487.71,0.2,3511.51,127.67
